,pdb_name,processed_path,num_chains,quaternary_category,seq_len,modeled_seq_len
0,1bkc.e,/home/yu/HENU/westlake/Lit-ProteinDF/preprocess/pkl/jsonl/1bkc.e.pkl,1,homomer,256,256
1,1crm.a,/home/yu/HENU/westlake/Lit-ProteinDF/preprocess/pkl/jsonl/1crm.a.pkl,1,homomer,256,256
2,1e3w.a,/home/yu/HENU/westlake/Lit-ProteinDF/preprocess/pkl/jsonl/1e3w.a.pkl,1,homomer,251,251
3,1eej.a,/home/yu/HENU/westlake/Lit-ProteinDF/preprocess/pkl/jsonl/1eej.a.pkl,1,homomer,216,216
4,1dlp.f,/home/yu/HENU/westlake/Lit-ProteinDF/preprocess/pkl/jsonl/1dlp.f.pkl,1,homomer,216,216
5,1byu.b,/home/yu/HENU/westlake/Lit-ProteinDF/preprocess/pkl/jsonl/1byu.b.pkl,1,homomer,215,215
6,1dbr.c,/home/yu/HENU/westlake/Lit-ProteinDF/preprocess/pkl/jsonl/1dbr.c.pkl,1,homomer,215,215
7,1azo.a,/home/yu/HENU/westlake/Lit-ProteinDF/preprocess/pkl/jsonl/1azo.a.pkl,1,homomer,214,214
8,1d6n.a,/home/yu/HENU/westlake/Lit-ProteinDF/preprocess/pkl/jsonl/1d6n.a.pkl,1,homomer,214,214
9,1dvg.a,/home/yu/HENU/westlake/Lit-ProteinDF/preprocess/pkl/jsonl/1dvg.a.pkl,1,homomer,214,214
10,1cmx.a,/home/yu/HENU/westlake/Lit-ProteinDF/preprocess/pkl/jsonl/1cmx.a.pkl,1,homomer,214,214
11,1ct8.a,/home/yu/HENU/westlake/Lit-ProteinDF/preprocess/pkl/jsonl/1ct8.a.pkl,1,homomer,214,214
12,1em2.a,/home/yu/HENU/westlake/Lit-ProteinDF/preprocess/pkl/jsonl/1em2.a.pkl,1,homomer,214,214
13,1cfm.a,/home/yu/HENU/westlake/Lit-ProteinDF/preprocess/pkl/jsonl/1cfm.a.pkl,1,homomer,251,251
14,1dwu.a,/home/yu/HENU/westlake/Lit-ProteinDF/preprocess/pkl/jsonl/1dwu.a.pkl,1,homomer,213,213
15,1cia.a,/home/yu/HENU/westlake/Lit-ProteinDF/preprocess/pkl/jsonl/1cia.a.pkl,1,homomer,213,213
16,1cun.a,/home/yu/HENU/westlake/Lit-ProteinDF/preprocess/pkl/jsonl/1cun.a.pkl,1,homomer,213,213
17,1ap8.a,/home/yu/HENU/westlake/Lit-ProteinDF/preprocess/pkl/jsonl/1ap8.a.pkl,1,homomer,213,213
18,1eua.a,/home/yu/HENU/westlake/Lit-ProteinDF/preprocess/pkl/jsonl/1eua.a.pkl,1,homomer,213,213
19,1eer.c,/home/yu/HENU/westlake/Lit-ProteinDF/preprocess/pkl/jsonl/1eer.c.pkl,1,homomer,213,213
20,1enf.a,/home/yu/HENU/westlake/Lit-ProteinDF/preprocess/pkl/jsonl/1enf.a.pkl,1,homomer,212,212
21,1bwp.a,/home/yu/HENU/westlake/Lit-ProteinDF/preprocess/pkl/jsonl/1bwp.a.pkl,1,homomer,212,212
22,1cvz.a,/home/yu/HENU/westlake/Lit-ProteinDF/preprocess/pkl/jsonl/1cvz.a.pkl,1,homomer,212,212
23,1cke.a,/home/yu/HENU/westlake/Lit-ProteinDF/preprocess/pkl/jsonl/1cke.a.pkl,1,homomer,212,212
24,1e3g.a,/home/yu/HENU/westlake/Lit-ProteinDF/preprocess/pkl/jsonl/1e3g.a.pkl,1,homomer,250,250
25,1ahj.b,/home/yu/HENU/westlake/Lit-ProteinDF/preprocess/pkl/jsonl/1ahj.b.pkl,1,homomer,212,212
26,1ajo.a,/home/yu/HENU/westlake/Lit-ProteinDF/preprocess/pkl/jsonl/1ajo.a.pkl,1,homomer,212,212
27,1cvs.c,/home/yu/HENU/westlake/Lit-ProteinDF/preprocess/pkl/jsonl/1cvs.c.pkl,1,homomer,211,211
28,1edh.a,/home/yu/HENU/westlake/Lit-ProteinDF/preprocess/pkl/jsonl/1edh.a.pkl,1,homomer,211,211
29,1dzf.a,/home/yu/HENU/westlake/Lit-ProteinDF/preprocess/pkl/jsonl/1dzf.a.pkl,1,homomer,211,211
30,1ekj.a,/home/yu/HENU/westlake/Lit-ProteinDF/preprocess/pkl/jsonl/1ekj.a.pkl,1,homomer,210,210
31,17gs.a,/home/yu/HENU/westlake/Lit-ProteinDF/preprocess/pkl/jsonl/17gs.a.pkl,1,homomer,210,210
32,1eu3.a,/home/yu/HENU/westlake/Lit-ProteinDF/preprocess/pkl/jsonl/1eu3.a.pkl,1,homomer,210,210
33,1aug.a,/home/yu/HENU/westlake/Lit-ProteinDF/preprocess/pkl/jsonl/1aug.a.pkl,1,homomer,210,210
34,1axd.a,/home/yu/HENU/westlake/Lit-ProteinDF/preprocess/pkl/jsonl/1axd.a.pkl,1,homomer,209,209
35,1cyy.a,/home/yu/HENU/westlake/Lit-ProteinDF/preprocess/pkl/jsonl/1cyy.a.pkl,1,homomer,250,250
36,1dzu.p,/home/yu/HENU/westlake/Lit-ProteinDF/preprocess/pkl/jsonl/1dzu.p.pkl,1,homomer,209,209
37,1by1.a,/home/yu/HENU/westlake/Lit-ProteinDF/preprocess/pkl/jsonl/1by1.a.pkl,1,homomer,209,209
38,1bqs.a,/home/yu/HENU/westlake/Lit-ProteinDF/preprocess/pkl/jsonl/1bqs.a.pkl,1,homomer,209,209
39,1b06.a,/home/yu/HENU/westlake/Lit-ProteinDF/preprocess/pkl/jsonl/1b06.a.pkl,1,homomer,208,208
40,1eog.a,/home/yu/HENU/westlake/Lit-ProteinDF/preprocess/pkl/jsonl/1eog.a.pkl,1,homomer,208,208
41,1aun.a,/home/yu/HENU/westlake/Lit-ProteinDF/preprocess/pkl/jsonl/1aun.a.pkl,1,homomer,208,208
42,1auq.a,/home/yu/HENU/westlake/Lit-ProteinDF/preprocess/pkl/jsonl/1auq.a.pkl,1,homomer,208,208
43,1el6.a,/home/yu/HENU/westlake/Lit-ProteinDF/preprocess/pkl/jsonl/1el6.a.pkl,1,homomer,208,208
44,1bqu.a,/home/yu/HENU/westlake/Lit-ProteinDF/preprocess/pkl/jsonl/1bqu.a.pkl,1,homomer,208,208
45,1c9b.a,/home/yu/HENU/westlake/Lit-ProteinDF/preprocess/pkl/jsonl/1c9b.a.pkl,1,homomer,207,207
46,1ci3.m,/home/yu/HENU/westlake/Lit-ProteinDF/preprocess/pkl/jsonl/1ci3.m.pkl,1,homomer,249,249
47,1eia.a,/home/yu/HENU/westlake/Lit-ProteinDF/preprocess/pkl/jsonl/1eia.a.pkl,1,homomer,207,207
48,1cmv.b,/home/yu/HENU/westlake/Lit-ProteinDF/preprocess/pkl/jsonl/1cmv.b.pkl,1,homomer,206,206
49,1cd9.b,/home/yu/HENU/westlake/Lit-ProteinDF/preprocess/pkl/jsonl/1cd9.b.pkl,1,homomer,206,206
50,1adq.a,/home/yu/HENU/westlake/Lit-ProteinDF/preprocess/pkl/jsonl/1adq.a.pkl,1,homomer,206,206
51,1an8.a,/home/yu/HENU/westlake/Lit-ProteinDF/preprocess/pkl/jsonl/1an8.a.pkl,1,homomer,206,206
52,1djs.a,/home/yu/HENU/westlake/Lit-ProteinDF/preprocess/pkl/jsonl/1djs.a.pkl,1,homomer,206,206
53,1cfb.a,/home/yu/HENU/westlake/Lit-ProteinDF/preprocess/pkl/jsonl/1cfb.a.pkl,1,homomer,205,205
54,1dow.a,/home/yu/HENU/westlake/Lit-ProteinDF/preprocess/pkl/jsonl/1dow.a.pkl,1,homomer,205,205
55,1a04.a,/home/yu/HENU/westlake/Lit-ProteinDF/preprocess/pkl/jsonl/1a04.a.pkl,1,homomer,205,205
56,1cd9.d,/home/yu/HENU/westlake/Lit-ProteinDF/preprocess/pkl/jsonl/1cd9.d.pkl,1,homomer,204,204
57,1e6v.c,/home/yu/HENU/westlake/Lit-ProteinDF/preprocess/pkl/jsonl/1e6v.c.pkl,1,homomer,248,248
58,1ci0.b,/home/yu/HENU/westlake/Lit-ProteinDF/preprocess/pkl/jsonl/1ci0.b.pkl,1,homomer,204,204
59,1eo9.a,/home/yu/HENU/westlake/Lit-ProteinDF/preprocess/pkl/jsonl/1eo9.a.pkl,1,homomer,202,202
60,1e9f.a,/home/yu/HENU/westlake/Lit-ProteinDF/preprocess/pkl/jsonl/1e9f.a.pkl,1,homomer,201,201
61,1av1.a,/home/yu/HENU/westlake/Lit-ProteinDF/preprocess/pkl/jsonl/1av1.a.pkl,1,homomer,201,201
62,1aox.a,/home/yu/HENU/westlake/Lit-ProteinDF/preprocess/pkl/jsonl/1aox.a.pkl,1,homomer,201,201
63,1dto.a,/home/yu/HENU/westlake/Lit-ProteinDF/preprocess/pkl/jsonl/1dto.a.pkl,1,homomer,200,200
64,1bnk.a,/home/yu/HENU/westlake/Lit-ProteinDF/preprocess/pkl/jsonl/1bnk.a.pkl,1,homomer,200,200
65,1d02.b,/home/yu/HENU/westlake/Lit-ProteinDF/preprocess/pkl/jsonl/1d02.b.pkl,1,homomer,200,200
66,1dr9.a,/home/yu/HENU/westlake/Lit-ProteinDF/preprocess/pkl/jsonl/1dr9.a.pkl,1,homomer,200,200
67,1am4.a,/home/yu/HENU/westlake/Lit-ProteinDF/preprocess/pkl/jsonl/1am4.a.pkl,1,homomer,199,199
68,1b9m.b,/home/yu/HENU/westlake/Lit-ProteinDF/preprocess/pkl/jsonl/1b9m.b.pkl,1,homomer,247,247
69,1ds9.a,/home/yu/HENU/westlake/Lit-ProteinDF/preprocess/pkl/jsonl/1ds9.a.pkl,1,homomer,198,198
70,1boq.a,/home/yu/HENU/westlake/Lit-ProteinDF/preprocess/pkl/jsonl/1boq.a.pkl,1,homomer,198,198
71,1chd.a,/home/yu/HENU/westlake/Lit-ProteinDF/preprocess/pkl/jsonl/1chd.a.pkl,1,homomer,198,198
72,1ap6.a,/home/yu/HENU/westlake/Lit-ProteinDF/preprocess/pkl/jsonl/1ap6.a.pkl,1,homomer,198,198
73,1bcp.b,/home/yu/HENU/westlake/Lit-ProteinDF/preprocess/pkl/jsonl/1bcp.b.pkl,1,homomer,197,197
74,1agy.a,/home/yu/HENU/westlake/Lit-ProteinDF/preprocess/pkl/jsonl/1agy.a.pkl,1,homomer,197,197
75,1cp9.a,/home/yu/HENU/westlake/Lit-ProteinDF/preprocess/pkl/jsonl/1cp9.a.pkl,1,homomer,197,197
76,1a21.b,/home/yu/HENU/westlake/Lit-ProteinDF/preprocess/pkl/jsonl/1a21.b.pkl,1,homomer,197,197
77,1ee6.a,/home/yu/HENU/westlake/Lit-ProteinDF/preprocess/pkl/jsonl/1ee6.a.pkl,1,homomer,197,197
78,1bcc.e,/home/yu/HENU/westlake/Lit-ProteinDF/preprocess/pkl/jsonl/1bcc.e.pkl,1,homomer,196,196
79,1aoa.a,/home/yu/HENU/westlake/Lit-ProteinDF/preprocess/pkl/jsonl/1aoa.a.pkl,1,homomer,247,247
80,1et9.a,/home/yu/HENU/westlake/Lit-ProteinDF/preprocess/pkl/jsonl/1et9.a.pkl,1,homomer,195,195
81,1ddb.a,/home/yu/HENU/westlake/Lit-ProteinDF/preprocess/pkl/jsonl/1ddb.a.pkl,1,homomer,195,195
82,1dhk.b,/home/yu/HENU/westlake/Lit-ProteinDF/preprocess/pkl/jsonl/1dhk.b.pkl,1,homomer,195,195
83,1e6b.a,/home/yu/HENU/westlake/Lit-ProteinDF/preprocess/pkl/jsonl/1e6b.a.pkl,1,homomer,194,194
84,1aip.h,/home/yu/HENU/westlake/Lit-ProteinDF/preprocess/pkl/jsonl/1aip.h.pkl,1,homomer,194,194
85,1dus.a,/home/yu/HENU/westlake/Lit-ProteinDF/preprocess/pkl/jsonl/1dus.a.pkl,1,homomer,194,194
86,1a21.a,/home/yu/HENU/westlake/Lit-ProteinDF/preprocess/pkl/jsonl/1a21.a.pkl,1,homomer,194,194
87,1aw7.a,/home/yu/HENU/westlake/Lit-ProteinDF/preprocess/pkl/jsonl/1aw7.a.pkl,1,homomer,194,194
88,1aj6.a,/home/yu/HENU/westlake/Lit-ProteinDF/preprocess/pkl/jsonl/1aj6.a.pkl,1,homomer,194,194
89,1dev.a,/home/yu/HENU/westlake/Lit-ProteinDF/preprocess/pkl/jsonl/1dev.a.pkl,1,homomer,194,194
90,1bry.y,/home/yu/HENU/westlake/Lit-ProteinDF/preprocess/pkl/jsonl/1bry.y.pkl,1,homomer,247,247
91,1dl3.b,/home/yu/HENU/westlake/Lit-ProteinDF/preprocess/pkl/jsonl/1dl3.b.pkl,1,homomer,194,194
92,1el4.a,/home/yu/HENU/westlake/Lit-ProteinDF/preprocess/pkl/jsonl/1el4.a.pkl,1,homomer,194,194
93,1ais.b,/home/yu/HENU/westlake/Lit-ProteinDF/preprocess/pkl/jsonl/1ais.b.pkl,1,homomer,193,193
94,1aoe.a,/home/yu/HENU/westlake/Lit-ProteinDF/preprocess/pkl/jsonl/1aoe.a.pkl,1,homomer,192,192
95,1eje.a,/home/yu/HENU/westlake/Lit-ProteinDF/preprocess/pkl/jsonl/1eje.a.pkl,1,homomer,192,192
96,1axi.b,/home/yu/HENU/westlake/Lit-ProteinDF/preprocess/pkl/jsonl/1axi.b.pkl,1,homomer,191,191
97,1bd2.d,/home/yu/HENU/westlake/Lit-ProteinDF/preprocess/pkl/jsonl/1bd2.d.pkl,1,homomer,190,190
98,1cuk.a,/home/yu/HENU/westlake/Lit-ProteinDF/preprocess/pkl/jsonl/1cuk.a.pkl,1,homomer,190,190
99,1azs.a,/home/yu/HENU/westlake/Lit-ProteinDF/preprocess/pkl/jsonl/1azs.a.pkl,1,homomer,190,190
100,1bho.1,/home/yu/HENU/westlake/Lit-ProteinDF/preprocess/pkl/jsonl/1bho.1.pkl,1,homomer,189,189
101,1bui.a,/home/yu/HENU/westlake/Lit-ProteinDF/preprocess/pkl/jsonl/1bui.a.pkl,1,homomer,247,247
102,1auy.b,/home/yu/HENU/westlake/Lit-ProteinDF/preprocess/pkl/jsonl/1auy.b.pkl,1,homomer,189,189
103,1eq6.a,/home/yu/HENU/westlake/Lit-ProteinDF/preprocess/pkl/jsonl/1eq6.a.pkl,1,homomer,189,189
104,1epf.a,/home/yu/HENU/westlake/Lit-ProteinDF/preprocess/pkl/jsonl/1epf.a.pkl,1,homomer,189,189
105,1atz.b,/home/yu/HENU/westlake/Lit-ProteinDF/preprocess/pkl/jsonl/1atz.b.pkl,1,homomer,189,189
106,1ac1.a,/home/yu/HENU/westlake/Lit-ProteinDF/preprocess/pkl/jsonl/1ac1.a.pkl,1,homomer,188,188
107,1e5k.a,/home/yu/HENU/westlake/Lit-ProteinDF/preprocess/pkl/jsonl/1e5k.a.pkl,1,homomer,188,188
108,1a0r.p,/home/yu/HENU/westlake/Lit-ProteinDF/preprocess/pkl/jsonl/1a0r.p.pkl,1,homomer,188,188
109,1a6a.b,/home/yu/HENU/westlake/Lit-ProteinDF/preprocess/pkl/jsonl/1a6a.b.pkl,1,homomer,187,187
110,1d2o.a,/home/yu/HENU/westlake/Lit-ProteinDF/preprocess/pkl/jsonl/1d2o.a.pkl,1,homomer,187,187
111,1boz.a,/home/yu/HENU/westlake/Lit-ProteinDF/preprocess/pkl/jsonl/1boz.a.pkl,1,homomer,186,186
112,1ef8.a,/home/yu/HENU/westlake/Lit-ProteinDF/preprocess/pkl/jsonl/1ef8.a.pkl,1,homomer,256,256
113,1d2n.a,/home/yu/HENU/westlake/Lit-ProteinDF/preprocess/pkl/jsonl/1d2n.a.pkl,1,homomer,246,246
114,1d7b.a,/home/yu/HENU/westlake/Lit-ProteinDF/preprocess/pkl/jsonl/1d7b.a.pkl,1,homomer,186,186
115,1ad6.a,/home/yu/HENU/westlake/Lit-ProteinDF/preprocess/pkl/jsonl/1ad6.a.pkl,1,homomer,185,185
116,1e20.a,/home/yu/HENU/westlake/Lit-ProteinDF/preprocess/pkl/jsonl/1e20.a.pkl,1,homomer,185,185
117,153l.a,/home/yu/HENU/westlake/Lit-ProteinDF/preprocess/pkl/jsonl/153l.a.pkl,1,homomer,185,185
118,1cz4.a,/home/yu/HENU/westlake/Lit-ProteinDF/preprocess/pkl/jsonl/1cz4.a.pkl,1,homomer,185,185
119,1a44.a,/home/yu/HENU/westlake/Lit-ProteinDF/preprocess/pkl/jsonl/1a44.a.pkl,1,homomer,185,185
120,1dd5.a,/home/yu/HENU/westlake/Lit-ProteinDF/preprocess/pkl/jsonl/1dd5.a.pkl,1,homomer,184,184
121,1b78.a,/home/yu/HENU/westlake/Lit-ProteinDF/preprocess/pkl/jsonl/1b78.a.pkl,1,homomer,184,184
122,1e57.b,/home/yu/HENU/westlake/Lit-ProteinDF/preprocess/pkl/jsonl/1e57.b.pkl,1,homomer,183,183
123,1di6.a,/home/yu/HENU/westlake/Lit-ProteinDF/preprocess/pkl/jsonl/1di6.a.pkl,1,homomer,183,183
124,1byg.a,/home/yu/HENU/westlake/Lit-ProteinDF/preprocess/pkl/jsonl/1byg.a.pkl,1,homomer,246,246
125,1es0.a,/home/yu/HENU/westlake/Lit-ProteinDF/preprocess/pkl/jsonl/1es0.a.pkl,1,homomer,182,182
126,1br9.a,/home/yu/HENU/westlake/Lit-ProteinDF/preprocess/pkl/jsonl/1br9.a.pkl,1,homomer,182,182
127,1am2.a,/home/yu/HENU/westlake/Lit-ProteinDF/preprocess/pkl/jsonl/1am2.a.pkl,1,homomer,181,181
128,1bed.a,/home/yu/HENU/westlake/Lit-ProteinDF/preprocess/pkl/jsonl/1bed.a.pkl,1,homomer,181,181
129,1ais.a,/home/yu/HENU/westlake/Lit-ProteinDF/preprocess/pkl/jsonl/1ais.a.pkl,1,homomer,181,181
130,1cau.a,/home/yu/HENU/westlake/Lit-ProteinDF/preprocess/pkl/jsonl/1cau.a.pkl,1,homomer,181,181
131,1bjf.a,/home/yu/HENU/westlake/Lit-ProteinDF/preprocess/pkl/jsonl/1bjf.a.pkl,1,homomer,181,181
132,1c9k.b,/home/yu/HENU/westlake/Lit-ProteinDF/preprocess/pkl/jsonl/1c9k.b.pkl,1,homomer,180,180
133,1ej0.a,/home/yu/HENU/westlake/Lit-ProteinDF/preprocess/pkl/jsonl/1ej0.a.pkl,1,homomer,180,180
134,1a7m.a,/home/yu/HENU/westlake/Lit-ProteinDF/preprocess/pkl/jsonl/1a7m.a.pkl,1,homomer,180,180
135,1bmt.a,/home/yu/HENU/westlake/Lit-ProteinDF/preprocess/pkl/jsonl/1bmt.a.pkl,1,homomer,246,246
136,1a22.a,/home/yu/HENU/westlake/Lit-ProteinDF/preprocess/pkl/jsonl/1a22.a.pkl,1,homomer,180,180
137,1bpl.a,/home/yu/HENU/westlake/Lit-ProteinDF/preprocess/pkl/jsonl/1bpl.a.pkl,1,homomer,179,179
138,1cdw.a,/home/yu/HENU/westlake/Lit-ProteinDF/preprocess/pkl/jsonl/1cdw.a.pkl,1,homomer,179,179
139,1a66.a,/home/yu/HENU/westlake/Lit-ProteinDF/preprocess/pkl/jsonl/1a66.a.pkl,1,homomer,178,178
140,1cr5.a,/home/yu/HENU/westlake/Lit-ProteinDF/preprocess/pkl/jsonl/1cr5.a.pkl,1,homomer,178,178
141,1cdu.a,/home/yu/HENU/westlake/Lit-ProteinDF/preprocess/pkl/jsonl/1cdu.a.pkl,1,homomer,178,178
142,1bnl.a,/home/yu/HENU/westlake/Lit-ProteinDF/preprocess/pkl/jsonl/1bnl.a.pkl,1,homomer,178,178
143,1cid.a,/home/yu/HENU/westlake/Lit-ProteinDF/preprocess/pkl/jsonl/1cid.a.pkl,1,homomer,177,177
144,1eb6.a,/home/yu/HENU/westlake/Lit-ProteinDF/preprocess/pkl/jsonl/1eb6.a.pkl,1,homomer,177,177
145,1bh5.a,/home/yu/HENU/westlake/Lit-ProteinDF/preprocess/pkl/jsonl/1bh5.a.pkl,1,homomer,177,177
146,1efp.b,/home/yu/HENU/westlake/Lit-ProteinDF/preprocess/pkl/jsonl/1efp.b.pkl,1,homomer,246,246
147,1ab8.a,/home/yu/HENU/westlake/Lit-ProteinDF/preprocess/pkl/jsonl/1ab8.a.pkl,1,homomer,177,177
148,1d4o.a,/home/yu/HENU/westlake/Lit-ProteinDF/preprocess/pkl/jsonl/1d4o.a.pkl,1,homomer,177,177
149,1cr5.b,/home/yu/HENU/westlake/Lit-ProteinDF/preprocess/pkl/jsonl/1cr5.b.pkl,1,homomer,176,176
150,1aqb.a,/home/yu/HENU/westlake/Lit-ProteinDF/preprocess/pkl/jsonl/1aqb.a.pkl,1,homomer,175,175
151,1aoc.a,/home/yu/HENU/westlake/Lit-ProteinDF/preprocess/pkl/jsonl/1aoc.a.pkl,1,homomer,175,175
152,1bvo.a,/home/yu/HENU/westlake/Lit-ProteinDF/preprocess/pkl/jsonl/1bvo.a.pkl,1,homomer,175,175
153,1ak6.a,/home/yu/HENU/westlake/Lit-ProteinDF/preprocess/pkl/jsonl/1ak6.a.pkl,1,homomer,174,174
154,1a9n.c,/home/yu/HENU/westlake/Lit-ProteinDF/preprocess/pkl/jsonl/1a9n.c.pkl,1,homomer,174,174
155,1e94.a,/home/yu/HENU/westlake/Lit-ProteinDF/preprocess/pkl/jsonl/1e94.a.pkl,1,homomer,174,174
156,1dfv.a,/home/yu/HENU/westlake/Lit-ProteinDF/preprocess/pkl/jsonl/1dfv.a.pkl,1,homomer,173,173
157,1ae1.a,/home/yu/HENU/westlake/Lit-ProteinDF/preprocess/pkl/jsonl/1ae1.a.pkl,1,homomer,245,245
158,1dk0.a,/home/yu/HENU/westlake/Lit-ProteinDF/preprocess/pkl/jsonl/1dk0.a.pkl,1,homomer,173,173
159,1c0w.a,/home/yu/HENU/westlake/Lit-ProteinDF/preprocess/pkl/jsonl/1c0w.a.pkl,1,homomer,173,173
160,1a45.a,/home/yu/HENU/westlake/Lit-ProteinDF/preprocess/pkl/jsonl/1a45.a.pkl,1,homomer,173,173
161,1cv8.a,/home/yu/HENU/westlake/Lit-ProteinDF/preprocess/pkl/jsonl/1cv8.a.pkl,1,homomer,173,173
162,1bpr.a,/home/yu/HENU/westlake/Lit-ProteinDF/preprocess/pkl/jsonl/1bpr.a.pkl,1,homomer,173,173
163,1aj5.a,/home/yu/HENU/westlake/Lit-ProteinDF/preprocess/pkl/jsonl/1aj5.a.pkl,1,homomer,173,173
164,1b24.a,/home/yu/HENU/westlake/Lit-ProteinDF/preprocess/pkl/jsonl/1b24.a.pkl,1,homomer,172,172
165,1bxw.a,/home/yu/HENU/westlake/Lit-ProteinDF/preprocess/pkl/jsonl/1bxw.a.pkl,1,homomer,172,172
166,1dmg.a,/home/yu/HENU/westlake/Lit-ProteinDF/preprocess/pkl/jsonl/1dmg.a.pkl,1,homomer,172,172
167,1cpc.b,/home/yu/HENU/westlake/Lit-ProteinDF/preprocess/pkl/jsonl/1cpc.b.pkl,1,homomer,172,172
168,1ah7.a,/home/yu/HENU/westlake/Lit-ProteinDF/preprocess/pkl/jsonl/1ah7.a.pkl,1,homomer,245,245
169,1avw.b,/home/yu/HENU/westlake/Lit-ProteinDF/preprocess/pkl/jsonl/1avw.b.pkl,1,homomer,171,171
170,1ae9.a,/home/yu/HENU/westlake/Lit-ProteinDF/preprocess/pkl/jsonl/1ae9.a.pkl,1,homomer,171,171
171,1a79.a,/home/yu/HENU/westlake/Lit-ProteinDF/preprocess/pkl/jsonl/1a79.a.pkl,1,homomer,171,171
172,1ccz.a,/home/yu/HENU/westlake/Lit-ProteinDF/preprocess/pkl/jsonl/1ccz.a.pkl,1,homomer,171,171
173,1914.a,/home/yu/HENU/westlake/Lit-ProteinDF/preprocess/pkl/jsonl/1914.a.pkl,1,homomer,171,171
174,1d2s.a,/home/yu/HENU/westlake/Lit-ProteinDF/preprocess/pkl/jsonl/1d2s.a.pkl,1,homomer,170,170
175,1aih.a,/home/yu/HENU/westlake/Lit-ProteinDF/preprocess/pkl/jsonl/1aih.a.pkl,1,homomer,170,170
176,1c3g.a,/home/yu/HENU/westlake/Lit-ProteinDF/preprocess/pkl/jsonl/1c3g.a.pkl,1,homomer,170,170
177,1e6c.a,/home/yu/HENU/westlake/Lit-ProteinDF/preprocess/pkl/jsonl/1e6c.a.pkl,1,homomer,170,170
178,1b9x.c,/home/yu/HENU/westlake/Lit-ProteinDF/preprocess/pkl/jsonl/1b9x.c.pkl,1,homomer,169,169
179,1cy9.a,/home/yu/HENU/westlake/Lit-ProteinDF/preprocess/pkl/jsonl/1cy9.a.pkl,1,homomer,245,245
180,1cz3.b,/home/yu/HENU/westlake/Lit-ProteinDF/preprocess/pkl/jsonl/1cz3.b.pkl,1,homomer,168,168
181,1e2y.a,/home/yu/HENU/westlake/Lit-ProteinDF/preprocess/pkl/jsonl/1e2y.a.pkl,1,homomer,167,167
182,1ej2.a,/home/yu/HENU/westlake/Lit-ProteinDF/preprocess/pkl/jsonl/1ej2.a.pkl,1,homomer,167,167
183,1b1c.a,/home/yu/HENU/westlake/Lit-ProteinDF/preprocess/pkl/jsonl/1b1c.a.pkl,1,homomer,166,166
184,1cjw.a,/home/yu/HENU/westlake/Lit-ProteinDF/preprocess/pkl/jsonl/1cjw.a.pkl,1,homomer,166,166
185,1c02.a,/home/yu/HENU/westlake/Lit-ProteinDF/preprocess/pkl/jsonl/1c02.a.pkl,1,homomer,166,166
186,1eq1.a,/home/yu/HENU/westlake/Lit-ProteinDF/preprocess/pkl/jsonl/1eq1.a.pkl,1,homomer,166,166
187,1a3c.a,/home/yu/HENU/westlake/Lit-ProteinDF/preprocess/pkl/jsonl/1a3c.a.pkl,1,homomer,166,166
188,1c41.a,/home/yu/HENU/westlake/Lit-ProteinDF/preprocess/pkl/jsonl/1c41.a.pkl,1,homomer,165,165
189,1b8d.a,/home/yu/HENU/westlake/Lit-ProteinDF/preprocess/pkl/jsonl/1b8d.a.pkl,1,homomer,164,164
190,1b96.a,/home/yu/HENU/westlake/Lit-ProteinDF/preprocess/pkl/jsonl/1b96.a.pkl,1,homomer,244,244
191,1e1h.b,/home/yu/HENU/westlake/Lit-ProteinDF/preprocess/pkl/jsonl/1e1h.b.pkl,1,homomer,164,164
192,1euj.a,/home/yu/HENU/westlake/Lit-ProteinDF/preprocess/pkl/jsonl/1euj.a.pkl,1,homomer,164,164
193,1evs.a,/home/yu/HENU/westlake/Lit-ProteinDF/preprocess/pkl/jsonl/1evs.a.pkl,1,homomer,163,163
194,1asu.a,/home/yu/HENU/westlake/Lit-ProteinDF/preprocess/pkl/jsonl/1asu.a.pkl,1,homomer,162,162
195,1d5c.a,/home/yu/HENU/westlake/Lit-ProteinDF/preprocess/pkl/jsonl/1d5c.a.pkl,1,homomer,162,162
196,1ao8.a,/home/yu/HENU/westlake/Lit-ProteinDF/preprocess/pkl/jsonl/1ao8.a.pkl,1,homomer,162,162
197,1cfz.a,/home/yu/HENU/westlake/Lit-ProteinDF/preprocess/pkl/jsonl/1cfz.a.pkl,1,homomer,162,162
198,1cpc.a,/home/yu/HENU/westlake/Lit-ProteinDF/preprocess/pkl/jsonl/1cpc.a.pkl,1,homomer,162,162
199,1eh7.a,/home/yu/HENU/westlake/Lit-ProteinDF/preprocess/pkl/jsonl/1eh7.a.pkl,1,homomer,162,162
200,1cm0.a,/home/yu/HENU/westlake/Lit-ProteinDF/preprocess/pkl/jsonl/1cm0.a.pkl,1,homomer,162,162
201,1dpb.a,/home/yu/HENU/westlake/Lit-ProteinDF/preprocess/pkl/jsonl/1dpb.a.pkl,1,homomer,243,243
202,1a73.a,/home/yu/HENU/westlake/Lit-ProteinDF/preprocess/pkl/jsonl/1a73.a.pkl,1,homomer,162,162
203,1ble.a,/home/yu/HENU/westlake/Lit-ProteinDF/preprocess/pkl/jsonl/1ble.a.pkl,1,homomer,161,161
204,1d7a.a,/home/yu/HENU/westlake/Lit-ProteinDF/preprocess/pkl/jsonl/1d7a.a.pkl,1,homomer,161,161
205,1c25.a,/home/yu/HENU/westlake/Lit-ProteinDF/preprocess/pkl/jsonl/1c25.a.pkl,1,homomer,161,161
206,1e88.a,/home/yu/HENU/westlake/Lit-ProteinDF/preprocess/pkl/jsonl/1e88.a.pkl,1,homomer,160,160
207,1cgm.e,/home/yu/HENU/westlake/Lit-ProteinDF/preprocess/pkl/jsonl/1cgm.e.pkl,1,homomer,160,160
208,1btk.a,/home/yu/HENU/westlake/Lit-ProteinDF/preprocess/pkl/jsonl/1btk.a.pkl,1,homomer,160,160
209,1aj4.a,/home/yu/HENU/westlake/Lit-ProteinDF/preprocess/pkl/jsonl/1aj4.a.pkl,1,homomer,160,160
210,1eav.a,/home/yu/HENU/westlake/Lit-ProteinDF/preprocess/pkl/jsonl/1eav.a.pkl,1,homomer,159,159
211,1a17.a,/home/yu/HENU/westlake/Lit-ProteinDF/preprocess/pkl/jsonl/1a17.a.pkl,1,homomer,159,159
212,1cyd.a,/home/yu/HENU/westlake/Lit-ProteinDF/preprocess/pkl/jsonl/1cyd.a.pkl,1,homomer,242,242
213,1ew3.a,/home/yu/HENU/westlake/Lit-ProteinDF/preprocess/pkl/jsonl/1ew3.a.pkl,1,homomer,159,159
214,1a0h.a,/home/yu/HENU/westlake/Lit-ProteinDF/preprocess/pkl/jsonl/1a0h.a.pkl,1,homomer,159,159
215,1dps.a,/home/yu/HENU/westlake/Lit-ProteinDF/preprocess/pkl/jsonl/1dps.a.pkl,1,homomer,159,159
216,1cyw.a,/home/yu/HENU/westlake/Lit-ProteinDF/preprocess/pkl/jsonl/1cyw.a.pkl,1,homomer,159,159
217,1dkg.a,/home/yu/HENU/westlake/Lit-ProteinDF/preprocess/pkl/jsonl/1dkg.a.pkl,1,homomer,158,158
218,1aa7.a,/home/yu/HENU/westlake/Lit-ProteinDF/preprocess/pkl/jsonl/1aa7.a.pkl,1,homomer,158,158
219,1dmz.a,/home/yu/HENU/westlake/Lit-ProteinDF/preprocess/pkl/jsonl/1dmz.a.pkl,1,homomer,158,158
220,1dhi.a,/home/yu/HENU/westlake/Lit-ProteinDF/preprocess/pkl/jsonl/1dhi.a.pkl,1,homomer,158,158
221,1ay2.a,/home/yu/HENU/westlake/Lit-ProteinDF/preprocess/pkl/jsonl/1ay2.a.pkl,1,homomer,158,158
222,1bgc.a,/home/yu/HENU/westlake/Lit-ProteinDF/preprocess/pkl/jsonl/1bgc.a.pkl,1,homomer,158,158
223,1b35.b,/home/yu/HENU/westlake/Lit-ProteinDF/preprocess/pkl/jsonl/1b35.b.pkl,1,homomer,255,255
224,1bd2.e,/home/yu/HENU/westlake/Lit-ProteinDF/preprocess/pkl/jsonl/1bd2.e.pkl,1,homomer,242,242
225,1esl.a,/home/yu/HENU/westlake/Lit-ProteinDF/preprocess/pkl/jsonl/1esl.a.pkl,1,homomer,157,157
226,1alu.a,/home/yu/HENU/westlake/Lit-ProteinDF/preprocess/pkl/jsonl/1alu.a.pkl,1,homomer,157,157
227,1a6j.b,/home/yu/HENU/westlake/Lit-ProteinDF/preprocess/pkl/jsonl/1a6j.b.pkl,1,homomer,157,157
228,1e7l.a,/home/yu/HENU/westlake/Lit-ProteinDF/preprocess/pkl/jsonl/1e7l.a.pkl,1,homomer,157,157
229,1ep5.a,/home/yu/HENU/westlake/Lit-ProteinDF/preprocess/pkl/jsonl/1ep5.a.pkl,1,homomer,156,156
230,1d1p.a,/home/yu/HENU/westlake/Lit-ProteinDF/preprocess/pkl/jsonl/1d1p.a.pkl,1,homomer,156,156
231,1beb.a,/home/yu/HENU/westlake/Lit-ProteinDF/preprocess/pkl/jsonl/1beb.a.pkl,1,homomer,156,156
232,1dyo.a,/home/yu/HENU/westlake/Lit-ProteinDF/preprocess/pkl/jsonl/1dyo.a.pkl,1,homomer,156,156
233,1dw9.a,/home/yu/HENU/westlake/Lit-ProteinDF/preprocess/pkl/jsonl/1dw9.a.pkl,1,homomer,156,156
234,1a5e.a,/home/yu/HENU/westlake/Lit-ProteinDF/preprocess/pkl/jsonl/1a5e.a.pkl,1,homomer,156,156
235,1agj.a,/home/yu/HENU/westlake/Lit-ProteinDF/preprocess/pkl/jsonl/1agj.a.pkl,1,homomer,242,242
236,1c2y.a,/home/yu/HENU/westlake/Lit-ProteinDF/preprocess/pkl/jsonl/1c2y.a.pkl,1,homomer,155,155
237,1afb.1,/home/yu/HENU/westlake/Lit-ProteinDF/preprocess/pkl/jsonl/1afb.1.pkl,1,homomer,154,154
238,1am7.a,/home/yu/HENU/westlake/Lit-ProteinDF/preprocess/pkl/jsonl/1am7.a.pkl,1,homomer,154,154
239,1elk.a,/home/yu/HENU/westlake/Lit-ProteinDF/preprocess/pkl/jsonl/1elk.a.pkl,1,homomer,153,153
240,1b4t.a,/home/yu/HENU/westlake/Lit-ProteinDF/preprocess/pkl/jsonl/1b4t.a.pkl,1,homomer,153,153
241,1cx1.a,/home/yu/HENU/westlake/Lit-ProteinDF/preprocess/pkl/jsonl/1cx1.a.pkl,1,homomer,153,153
242,1aep.a,/home/yu/HENU/westlake/Lit-ProteinDF/preprocess/pkl/jsonl/1aep.a.pkl,1,homomer,153,153
243,1byr.a,/home/yu/HENU/westlake/Lit-ProteinDF/preprocess/pkl/jsonl/1byr.a.pkl,1,homomer,152,152
244,1bvy.f,/home/yu/HENU/westlake/Lit-ProteinDF/preprocess/pkl/jsonl/1bvy.f.pkl,1,homomer,152,152
245,1b5l.a,/home/yu/HENU/westlake/Lit-ProteinDF/preprocess/pkl/jsonl/1b5l.a.pkl,1,homomer,152,152
246,1bpb.a,/home/yu/HENU/westlake/Lit-ProteinDF/preprocess/pkl/jsonl/1bpb.a.pkl,1,homomer,242,242
247,1a8m.a,/home/yu/HENU/westlake/Lit-ProteinDF/preprocess/pkl/jsonl/1a8m.a.pkl,1,homomer,152,152
248,1a1r.a,/home/yu/HENU/westlake/Lit-ProteinDF/preprocess/pkl/jsonl/1a1r.a.pkl,1,homomer,152,152
249,1dvo.a,/home/yu/HENU/westlake/Lit-ProteinDF/preprocess/pkl/jsonl/1dvo.a.pkl,1,homomer,152,152
250,1dbu.a,/home/yu/HENU/westlake/Lit-ProteinDF/preprocess/pkl/jsonl/1dbu.a.pkl,1,homomer,152,152
251,1bzo.a,/home/yu/HENU/westlake/Lit-ProteinDF/preprocess/pkl/jsonl/1bzo.a.pkl,1,homomer,151,151
252,1epa.a,/home/yu/HENU/westlake/Lit-ProteinDF/preprocess/pkl/jsonl/1epa.a.pkl,1,homomer,151,151
253,1dkg.b,/home/yu/HENU/westlake/Lit-ProteinDF/preprocess/pkl/jsonl/1dkg.b.pkl,1,homomer,151,151
254,1b93.b,/home/yu/HENU/westlake/Lit-ProteinDF/preprocess/pkl/jsonl/1b93.b.pkl,1,homomer,151,151
255,1a3z.a,/home/yu/HENU/westlake/Lit-ProteinDF/preprocess/pkl/jsonl/1a3z.a.pkl,1,homomer,150,150
256,1d2z.b,/home/yu/HENU/westlake/Lit-ProteinDF/preprocess/pkl/jsonl/1d2z.b.pkl,1,homomer,150,150
257,1e3u.d,/home/yu/HENU/westlake/Lit-ProteinDF/preprocess/pkl/jsonl/1e3u.d.pkl,1,homomer,242,242
258,1dvk.a,/home/yu/HENU/westlake/Lit-ProteinDF/preprocess/pkl/jsonl/1dvk.a.pkl,1,homomer,149,149
259,1e5p.a,/home/yu/HENU/westlake/Lit-ProteinDF/preprocess/pkl/jsonl/1e5p.a.pkl,1,homomer,149,149
260,1dg6.a,/home/yu/HENU/westlake/Lit-ProteinDF/preprocess/pkl/jsonl/1dg6.a.pkl,1,homomer,149,149
261,1aro.l,/home/yu/HENU/westlake/Lit-ProteinDF/preprocess/pkl/jsonl/1aro.l.pkl,1,homomer,149,149
262,1cwp.a,/home/yu/HENU/westlake/Lit-ProteinDF/preprocess/pkl/jsonl/1cwp.a.pkl,1,homomer,149,149
263,1div.a,/home/yu/HENU/westlake/Lit-ProteinDF/preprocess/pkl/jsonl/1div.a.pkl,1,homomer,149,149
264,1di0.a,/home/yu/HENU/westlake/Lit-ProteinDF/preprocess/pkl/jsonl/1di0.a.pkl,1,homomer,148,148
265,1dzk.a,/home/yu/HENU/westlake/Lit-ProteinDF/preprocess/pkl/jsonl/1dzk.a.pkl,1,homomer,148,148
266,1a97.b,/home/yu/HENU/westlake/Lit-ProteinDF/preprocess/pkl/jsonl/1a97.b.pkl,1,homomer,148,148
267,1dk8.a,/home/yu/HENU/westlake/Lit-ProteinDF/preprocess/pkl/jsonl/1dk8.a.pkl,1,homomer,147,147
268,1dek.a,/home/yu/HENU/westlake/Lit-ProteinDF/preprocess/pkl/jsonl/1dek.a.pkl,1,homomer,241,241
269,1b3t.a,/home/yu/HENU/westlake/Lit-ProteinDF/preprocess/pkl/jsonl/1b3t.a.pkl,1,homomer,147,147
270,1ash.a,/home/yu/HENU/westlake/Lit-ProteinDF/preprocess/pkl/jsonl/1ash.a.pkl,1,homomer,147,147
271,1akq.a,/home/yu/HENU/westlake/Lit-ProteinDF/preprocess/pkl/jsonl/1akq.a.pkl,1,homomer,147,147
272,1a00.b,/home/yu/HENU/westlake/Lit-ProteinDF/preprocess/pkl/jsonl/1a00.b.pkl,1,homomer,146,146
273,1dk7.a,/home/yu/HENU/westlake/Lit-ProteinDF/preprocess/pkl/jsonl/1dk7.a.pkl,1,homomer,146,146
274,1a3a.c,/home/yu/HENU/westlake/Lit-ProteinDF/preprocess/pkl/jsonl/1a3a.c.pkl,1,homomer,146,146
275,1dm1.a,/home/yu/HENU/westlake/Lit-ProteinDF/preprocess/pkl/jsonl/1dm1.a.pkl,1,homomer,146,146
276,1aly.a,/home/yu/HENU/westlake/Lit-ProteinDF/preprocess/pkl/jsonl/1aly.a.pkl,1,homomer,146,146
277,1at0.a,/home/yu/HENU/westlake/Lit-ProteinDF/preprocess/pkl/jsonl/1at0.a.pkl,1,homomer,145,145
278,1ajw.a,/home/yu/HENU/westlake/Lit-ProteinDF/preprocess/pkl/jsonl/1ajw.a.pkl,1,homomer,145,145
279,1b5e.a,/home/yu/HENU/westlake/Lit-ProteinDF/preprocess/pkl/jsonl/1b5e.a.pkl,1,homomer,241,241
280,1b92.a,/home/yu/HENU/westlake/Lit-ProteinDF/preprocess/pkl/jsonl/1b92.a.pkl,1,homomer,144,144
281,1ekr.a,/home/yu/HENU/westlake/Lit-ProteinDF/preprocess/pkl/jsonl/1ekr.a.pkl,1,homomer,143,143
282,1d7q.a,/home/yu/HENU/westlake/Lit-ProteinDF/preprocess/pkl/jsonl/1d7q.a.pkl,1,homomer,143,143
283,1c3k.a,/home/yu/HENU/westlake/Lit-ProteinDF/preprocess/pkl/jsonl/1c3k.a.pkl,1,homomer,143,143
284,1bow.a,/home/yu/HENU/westlake/Lit-ProteinDF/preprocess/pkl/jsonl/1bow.a.pkl,1,homomer,143,143
285,1bin.a,/home/yu/HENU/westlake/Lit-ProteinDF/preprocess/pkl/jsonl/1bin.a.pkl,1,homomer,143,143
286,1aqz.a,/home/yu/HENU/westlake/Lit-ProteinDF/preprocess/pkl/jsonl/1aqz.a.pkl,1,homomer,142,142
287,1ear.a,/home/yu/HENU/westlake/Lit-ProteinDF/preprocess/pkl/jsonl/1ear.a.pkl,1,homomer,142,142
288,1b0b.a,/home/yu/HENU/westlake/Lit-ProteinDF/preprocess/pkl/jsonl/1b0b.a.pkl,1,homomer,142,142
289,1avg.i,/home/yu/HENU/westlake/Lit-ProteinDF/preprocess/pkl/jsonl/1avg.i.pkl,1,homomer,142,142
290,1ce7.a,/home/yu/HENU/westlake/Lit-ProteinDF/preprocess/pkl/jsonl/1ce7.a.pkl,1,homomer,241,241
291,1c17.m,/home/yu/HENU/westlake/Lit-ProteinDF/preprocess/pkl/jsonl/1c17.m.pkl,1,homomer,142,142
292,1apy.b,/home/yu/HENU/westlake/Lit-ProteinDF/preprocess/pkl/jsonl/1apy.b.pkl,1,homomer,141,141
293,1cg5.b,/home/yu/HENU/westlake/Lit-ProteinDF/preprocess/pkl/jsonl/1cg5.b.pkl,1,homomer,141,141
294,1ej8.a,/home/yu/HENU/westlake/Lit-ProteinDF/preprocess/pkl/jsonl/1ej8.a.pkl,1,homomer,140,140
295,1avo.b,/home/yu/HENU/westlake/Lit-ProteinDF/preprocess/pkl/jsonl/1avo.b.pkl,1,homomer,140,140
296,1anu.a,/home/yu/HENU/westlake/Lit-ProteinDF/preprocess/pkl/jsonl/1anu.a.pkl,1,homomer,138,138
297,1b66.a,/home/yu/HENU/westlake/Lit-ProteinDF/preprocess/pkl/jsonl/1b66.a.pkl,1,homomer,138,138
298,1b68.a,/home/yu/HENU/westlake/Lit-ProteinDF/preprocess/pkl/jsonl/1b68.a.pkl,1,homomer,138,138
299,1dqe.a,/home/yu/HENU/westlake/Lit-ProteinDF/preprocess/pkl/jsonl/1dqe.a.pkl,1,homomer,137,137
300,1b1a.a,/home/yu/HENU/westlake/Lit-ProteinDF/preprocess/pkl/jsonl/1b1a.a.pkl,1,homomer,137,137
301,1bcc.d,/home/yu/HENU/westlake/Lit-ProteinDF/preprocess/pkl/jsonl/1bcc.d.pkl,1,homomer,241,241
302,1eni.a,/home/yu/HENU/westlake/Lit-ProteinDF/preprocess/pkl/jsonl/1eni.a.pkl,1,homomer,137,137
303,1d1j.b,/home/yu/HENU/westlake/Lit-ProteinDF/preprocess/pkl/jsonl/1d1j.b.pkl,1,homomer,136,136
304,1cbi.a,/home/yu/HENU/westlake/Lit-ProteinDF/preprocess/pkl/jsonl/1cbi.a.pkl,1,homomer,136,136
305,1eca.a,/home/yu/HENU/westlake/Lit-ProteinDF/preprocess/pkl/jsonl/1eca.a.pkl,1,homomer,136,136
306,1euw.a,/home/yu/HENU/westlake/Lit-ProteinDF/preprocess/pkl/jsonl/1euw.a.pkl,1,homomer,136,136
307,1bkb.a,/home/yu/HENU/westlake/Lit-ProteinDF/preprocess/pkl/jsonl/1bkb.a.pkl,1,homomer,136,136
308,1a2t.a,/home/yu/HENU/westlake/Lit-ProteinDF/preprocess/pkl/jsonl/1a2t.a.pkl,1,homomer,135,135
309,1cfe.a,/home/yu/HENU/westlake/Lit-ProteinDF/preprocess/pkl/jsonl/1cfe.a.pkl,1,homomer,135,135
310,1aqt.a,/home/yu/HENU/westlake/Lit-ProteinDF/preprocess/pkl/jsonl/1aqt.a.pkl,1,homomer,135,135
311,1c3a.a,/home/yu/HENU/westlake/Lit-ProteinDF/preprocess/pkl/jsonl/1c3a.a.pkl,1,homomer,135,135
312,1b12.a,/home/yu/HENU/westlake/Lit-ProteinDF/preprocess/pkl/jsonl/1b12.a.pkl,1,homomer,239,239
313,1c1f.a,/home/yu/HENU/westlake/Lit-ProteinDF/preprocess/pkl/jsonl/1c1f.a.pkl,1,homomer,135,135
314,1e29.a,/home/yu/HENU/westlake/Lit-ProteinDF/preprocess/pkl/jsonl/1e29.a.pkl,1,homomer,135,135
315,1ete.a,/home/yu/HENU/westlake/Lit-ProteinDF/preprocess/pkl/jsonl/1ete.a.pkl,1,homomer,134,134
316,1a78.a,/home/yu/HENU/westlake/Lit-ProteinDF/preprocess/pkl/jsonl/1a78.a.pkl,1,homomer,134,134
317,1dqg.a,/home/yu/HENU/westlake/Lit-ProteinDF/preprocess/pkl/jsonl/1dqg.a.pkl,1,homomer,134,134
318,1ahq.a,/home/yu/HENU/westlake/Lit-ProteinDF/preprocess/pkl/jsonl/1ahq.a.pkl,1,homomer,133,133
319,1dcf.a,/home/yu/HENU/westlake/Lit-ProteinDF/preprocess/pkl/jsonl/1dcf.a.pkl,1,homomer,133,133
320,1bbn.a,/home/yu/HENU/westlake/Lit-ProteinDF/preprocess/pkl/jsonl/1bbn.a.pkl,1,homomer,133,133
321,1e3o.c,/home/yu/HENU/westlake/Lit-ProteinDF/preprocess/pkl/jsonl/1e3o.c.pkl,1,homomer,132,132
322,1c7k.a,/home/yu/HENU/westlake/Lit-ProteinDF/preprocess/pkl/jsonl/1c7k.a.pkl,1,homomer,132,132
323,1cr2.a,/home/yu/HENU/westlake/Lit-ProteinDF/preprocess/pkl/jsonl/1cr2.a.pkl,1,homomer,239,239
324,1b4u.a,/home/yu/HENU/westlake/Lit-ProteinDF/preprocess/pkl/jsonl/1b4u.a.pkl,1,homomer,132,132
325,1cvj.h,/home/yu/HENU/westlake/Lit-ProteinDF/preprocess/pkl/jsonl/1cvj.h.pkl,1,homomer,132,132
326,1c4p.c,/home/yu/HENU/westlake/Lit-ProteinDF/preprocess/pkl/jsonl/1c4p.c.pkl,1,homomer,132,132
327,1bbh.a,/home/yu/HENU/westlake/Lit-ProteinDF/preprocess/pkl/jsonl/1bbh.a.pkl,1,homomer,131,131
328,1bxi.b,/home/yu/HENU/westlake/Lit-ProteinDF/preprocess/pkl/jsonl/1bxi.b.pkl,1,homomer,131,131
329,1c52.a,/home/yu/HENU/westlake/Lit-ProteinDF/preprocess/pkl/jsonl/1c52.a.pkl,1,homomer,131,131
330,1a0k.a,/home/yu/HENU/westlake/Lit-ProteinDF/preprocess/pkl/jsonl/1a0k.a.pkl,1,homomer,130,130
331,1cnt.2,/home/yu/HENU/westlake/Lit-ProteinDF/preprocess/pkl/jsonl/1cnt.2.pkl,1,homomer,130,130
332,1ayo.a,/home/yu/HENU/westlake/Lit-ProteinDF/preprocess/pkl/jsonl/1ayo.a.pkl,1,homomer,130,130
333,1au7.a,/home/yu/HENU/westlake/Lit-ProteinDF/preprocess/pkl/jsonl/1au7.a.pkl,1,homomer,130,130
334,1a5a.a,/home/yu/HENU/westlake/Lit-ProteinDF/preprocess/pkl/jsonl/1a5a.a.pkl,1,homomer,255,255
335,1e12.a,/home/yu/HENU/westlake/Lit-ProteinDF/preprocess/pkl/jsonl/1e12.a.pkl,1,homomer,239,239
336,1d06.a,/home/yu/HENU/westlake/Lit-ProteinDF/preprocess/pkl/jsonl/1d06.a.pkl,1,homomer,130,130
337,1e50.b,/home/yu/HENU/westlake/Lit-ProteinDF/preprocess/pkl/jsonl/1e50.b.pkl,1,homomer,130,130
338,1ax8.a,/home/yu/HENU/westlake/Lit-ProteinDF/preprocess/pkl/jsonl/1ax8.a.pkl,1,homomer,130,130
339,1aqc.a,/home/yu/HENU/westlake/Lit-ProteinDF/preprocess/pkl/jsonl/1aqc.a.pkl,1,homomer,130,130
340,1cpq.a,/home/yu/HENU/westlake/Lit-ProteinDF/preprocess/pkl/jsonl/1cpq.a.pkl,1,homomer,129,129
341,1egi.a,/home/yu/HENU/westlake/Lit-ProteinDF/preprocess/pkl/jsonl/1egi.a.pkl,1,homomer,129,129
342,132l.a,/home/yu/HENU/westlake/Lit-ProteinDF/preprocess/pkl/jsonl/132l.a.pkl,1,homomer,129,129
343,1a4a.a,/home/yu/HENU/westlake/Lit-ProteinDF/preprocess/pkl/jsonl/1a4a.a.pkl,1,homomer,129,129
344,1ah1.a,/home/yu/HENU/westlake/Lit-ProteinDF/preprocess/pkl/jsonl/1ah1.a.pkl,1,homomer,129,129
345,1aq3.a,/home/yu/HENU/westlake/Lit-ProteinDF/preprocess/pkl/jsonl/1aq3.a.pkl,1,homomer,129,129
346,1aut.c,/home/yu/HENU/westlake/Lit-ProteinDF/preprocess/pkl/jsonl/1aut.c.pkl,1,homomer,239,239
347,1a9v.a,/home/yu/HENU/westlake/Lit-ProteinDF/preprocess/pkl/jsonl/1a9v.a.pkl,1,homomer,129,129
348,1elr.a,/home/yu/HENU/westlake/Lit-ProteinDF/preprocess/pkl/jsonl/1elr.a.pkl,1,homomer,128,128
349,1e0z.a,/home/yu/HENU/westlake/Lit-ProteinDF/preprocess/pkl/jsonl/1e0z.a.pkl,1,homomer,128,128
350,1c20.a,/home/yu/HENU/westlake/Lit-ProteinDF/preprocess/pkl/jsonl/1c20.a.pkl,1,homomer,128,128
351,1cmz.a,/home/yu/HENU/westlake/Lit-ProteinDF/preprocess/pkl/jsonl/1cmz.a.pkl,1,homomer,128,128
352,1c77.b,/home/yu/HENU/westlake/Lit-ProteinDF/preprocess/pkl/jsonl/1c77.b.pkl,1,homomer,128,128
353,1dd3.a,/home/yu/HENU/westlake/Lit-ProteinDF/preprocess/pkl/jsonl/1dd3.a.pkl,1,homomer,128,128
354,1cmo.a,/home/yu/HENU/westlake/Lit-ProteinDF/preprocess/pkl/jsonl/1cmo.a.pkl,1,homomer,127,127
355,1b8q.a,/home/yu/HENU/westlake/Lit-ProteinDF/preprocess/pkl/jsonl/1b8q.a.pkl,1,homomer,127,127
356,1dwn.a,/home/yu/HENU/westlake/Lit-ProteinDF/preprocess/pkl/jsonl/1dwn.a.pkl,1,homomer,127,127
357,1cbf.a,/home/yu/HENU/westlake/Lit-ProteinDF/preprocess/pkl/jsonl/1cbf.a.pkl,1,homomer,239,239
358,1afc.a,/home/yu/HENU/westlake/Lit-ProteinDF/preprocess/pkl/jsonl/1afc.a.pkl,1,homomer,127,127
359,1eal.a,/home/yu/HENU/westlake/Lit-ProteinDF/preprocess/pkl/jsonl/1eal.a.pkl,1,homomer,127,127
360,1dbf.a,/home/yu/HENU/westlake/Lit-ProteinDF/preprocess/pkl/jsonl/1dbf.a.pkl,1,homomer,127,127
361,1ahs.a,/home/yu/HENU/westlake/Lit-ProteinDF/preprocess/pkl/jsonl/1ahs.a.pkl,1,homomer,126,126
362,1af5.a,/home/yu/HENU/westlake/Lit-ProteinDF/preprocess/pkl/jsonl/1af5.a.pkl,1,homomer,126,126
363,1coz.a,/home/yu/HENU/westlake/Lit-ProteinDF/preprocess/pkl/jsonl/1coz.a.pkl,1,homomer,126,126
364,1ab5.a,/home/yu/HENU/westlake/Lit-ProteinDF/preprocess/pkl/jsonl/1ab5.a.pkl,1,homomer,125,125
365,1dfx.a,/home/yu/HENU/westlake/Lit-ProteinDF/preprocess/pkl/jsonl/1dfx.a.pkl,1,homomer,125,125
366,1buq.a,/home/yu/HENU/westlake/Lit-ProteinDF/preprocess/pkl/jsonl/1buq.a.pkl,1,homomer,125,125
367,1cgn.a,/home/yu/HENU/westlake/Lit-ProteinDF/preprocess/pkl/jsonl/1cgn.a.pkl,1,homomer,125,125
368,1a52.a,/home/yu/HENU/westlake/Lit-ProteinDF/preprocess/pkl/jsonl/1a52.a.pkl,1,homomer,239,239
369,1a62.a,/home/yu/HENU/westlake/Lit-ProteinDF/preprocess/pkl/jsonl/1a62.a.pkl,1,homomer,125,125
370,1a7v.a,/home/yu/HENU/westlake/Lit-ProteinDF/preprocess/pkl/jsonl/1a7v.a.pkl,1,homomer,125,125
371,1ar0.a,/home/yu/HENU/westlake/Lit-ProteinDF/preprocess/pkl/jsonl/1ar0.a.pkl,1,homomer,125,125
372,1bw3.a,/home/yu/HENU/westlake/Lit-ProteinDF/preprocess/pkl/jsonl/1bw3.a.pkl,1,homomer,125,125
373,1eo1.a,/home/yu/HENU/westlake/Lit-ProteinDF/preprocess/pkl/jsonl/1eo1.a.pkl,1,homomer,124,124
374,1bgf.a,/home/yu/HENU/westlake/Lit-ProteinDF/preprocess/pkl/jsonl/1bgf.a.pkl,1,homomer,124,124
375,1dz3.a,/home/yu/HENU/westlake/Lit-ProteinDF/preprocess/pkl/jsonl/1dz3.a.pkl,1,homomer,123,123
376,1byf.a,/home/yu/HENU/westlake/Lit-ProteinDF/preprocess/pkl/jsonl/1byf.a.pkl,1,homomer,123,123
377,1d5w.a,/home/yu/HENU/westlake/Lit-ProteinDF/preprocess/pkl/jsonl/1d5w.a.pkl,1,homomer,123,123
378,1bdy.a,/home/yu/HENU/westlake/Lit-ProteinDF/preprocess/pkl/jsonl/1bdy.a.pkl,1,homomer,123,123
379,1e9y.a,/home/yu/HENU/westlake/Lit-ProteinDF/preprocess/pkl/jsonl/1e9y.a.pkl,1,homomer,238,238
380,1c7h.a,/home/yu/HENU/westlake/Lit-ProteinDF/preprocess/pkl/jsonl/1c7h.a.pkl,1,homomer,123,123
381,1b1e.a,/home/yu/HENU/westlake/Lit-ProteinDF/preprocess/pkl/jsonl/1b1e.a.pkl,1,homomer,123,123
382,1c44.a,/home/yu/HENU/westlake/Lit-ProteinDF/preprocess/pkl/jsonl/1c44.a.pkl,1,homomer,123,123
383,1d4b.a,/home/yu/HENU/westlake/Lit-ProteinDF/preprocess/pkl/jsonl/1d4b.a.pkl,1,homomer,122,122
384,1dro.a,/home/yu/HENU/westlake/Lit-ProteinDF/preprocess/pkl/jsonl/1dro.a.pkl,1,homomer,122,122
385,1dhn.a,/home/yu/HENU/westlake/Lit-ProteinDF/preprocess/pkl/jsonl/1dhn.a.pkl,1,homomer,121,121
386,155c.a,/home/yu/HENU/westlake/Lit-ProteinDF/preprocess/pkl/jsonl/155c.a.pkl,1,homomer,134,121
387,1d9c.a,/home/yu/HENU/westlake/Lit-ProteinDF/preprocess/pkl/jsonl/1d9c.a.pkl,1,homomer,121,121
388,1dza.a,/home/yu/HENU/westlake/Lit-ProteinDF/preprocess/pkl/jsonl/1dza.a.pkl,1,homomer,121,121
389,1dun.a,/home/yu/HENU/westlake/Lit-ProteinDF/preprocess/pkl/jsonl/1dun.a.pkl,1,homomer,120,120
390,1b5f.c,/home/yu/HENU/westlake/Lit-ProteinDF/preprocess/pkl/jsonl/1b5f.c.pkl,1,homomer,238,238
391,1br0.a,/home/yu/HENU/westlake/Lit-ProteinDF/preprocess/pkl/jsonl/1br0.a.pkl,1,homomer,120,120
392,1ecs.a,/home/yu/HENU/westlake/Lit-ProteinDF/preprocess/pkl/jsonl/1ecs.a.pkl,1,homomer,120,120
393,1bm9.a,/home/yu/HENU/westlake/Lit-ProteinDF/preprocess/pkl/jsonl/1bm9.a.pkl,1,homomer,120,120
394,1eaj.b,/home/yu/HENU/westlake/Lit-ProteinDF/preprocess/pkl/jsonl/1eaj.b.pkl,1,homomer,120,120
395,1b9l.a,/home/yu/HENU/westlake/Lit-ProteinDF/preprocess/pkl/jsonl/1b9l.a.pkl,1,homomer,119,119
396,1bak.a,/home/yu/HENU/westlake/Lit-ProteinDF/preprocess/pkl/jsonl/1bak.a.pkl,1,homomer,119,119
397,1ekg.a,/home/yu/HENU/westlake/Lit-ProteinDF/preprocess/pkl/jsonl/1ekg.a.pkl,1,homomer,119,119
398,1a7e.a,/home/yu/HENU/westlake/Lit-ProteinDF/preprocess/pkl/jsonl/1a7e.a.pkl,1,homomer,118,118
399,1dx5.i,/home/yu/HENU/westlake/Lit-ProteinDF/preprocess/pkl/jsonl/1dx5.i.pkl,1,homomer,118,118
400,1elw.a,/home/yu/HENU/westlake/Lit-ProteinDF/preprocess/pkl/jsonl/1elw.a.pkl,1,homomer,117,117
401,1chk.a,/home/yu/HENU/westlake/Lit-ProteinDF/preprocess/pkl/jsonl/1chk.a.pkl,1,homomer,238,238
402,1etb.2,/home/yu/HENU/westlake/Lit-ProteinDF/preprocess/pkl/jsonl/1etb.2.pkl,1,homomer,117,117
403,1b1u.a,/home/yu/HENU/westlake/Lit-ProteinDF/preprocess/pkl/jsonl/1b1u.a.pkl,1,homomer,117,117
404,1d4v.a,/home/yu/HENU/westlake/Lit-ProteinDF/preprocess/pkl/jsonl/1d4v.a.pkl,1,homomer,117,117
405,1cs3.a,/home/yu/HENU/westlake/Lit-ProteinDF/preprocess/pkl/jsonl/1cs3.a.pkl,1,homomer,116,116
406,1agr.h,/home/yu/HENU/westlake/Lit-ProteinDF/preprocess/pkl/jsonl/1agr.h.pkl,1,homomer,116,116
407,1a57.a,/home/yu/HENU/westlake/Lit-ProteinDF/preprocess/pkl/jsonl/1a57.a.pkl,1,homomer,116,116
408,1bl0.a,/home/yu/HENU/westlake/Lit-ProteinDF/preprocess/pkl/jsonl/1bl0.a.pkl,1,homomer,116,116
409,1auz.a,/home/yu/HENU/westlake/Lit-ProteinDF/preprocess/pkl/jsonl/1auz.a.pkl,1,homomer,116,116
410,1dlw.a,/home/yu/HENU/westlake/Lit-ProteinDF/preprocess/pkl/jsonl/1dlw.a.pkl,1,homomer,116,116
411,1egx.a,/home/yu/HENU/westlake/Lit-ProteinDF/preprocess/pkl/jsonl/1egx.a.pkl,1,homomer,115,115
412,1al3.a,/home/yu/HENU/westlake/Lit-ProteinDF/preprocess/pkl/jsonl/1al3.a.pkl,1,homomer,237,237
413,1akp.a,/home/yu/HENU/westlake/Lit-ProteinDF/preprocess/pkl/jsonl/1akp.a.pkl,1,homomer,114,114
414,1ed1.a,/home/yu/HENU/westlake/Lit-ProteinDF/preprocess/pkl/jsonl/1ed1.a.pkl,1,homomer,114,114
415,1ewi.a,/home/yu/HENU/westlake/Lit-ProteinDF/preprocess/pkl/jsonl/1ewi.a.pkl,1,homomer,114,114
416,1enw.a,/home/yu/HENU/westlake/Lit-ProteinDF/preprocess/pkl/jsonl/1enw.a.pkl,1,homomer,114,114
417,1dyn.a,/home/yu/HENU/westlake/Lit-ProteinDF/preprocess/pkl/jsonl/1dyn.a.pkl,1,homomer,113,113
418,1av5.a,/home/yu/HENU/westlake/Lit-ProteinDF/preprocess/pkl/jsonl/1av5.a.pkl,1,homomer,113,113
419,1a6f.a,/home/yu/HENU/westlake/Lit-ProteinDF/preprocess/pkl/jsonl/1a6f.a.pkl,1,homomer,113,113
420,1aa0.a,/home/yu/HENU/westlake/Lit-ProteinDF/preprocess/pkl/jsonl/1aa0.a.pkl,1,homomer,113,113
421,1dw0.a,/home/yu/HENU/westlake/Lit-ProteinDF/preprocess/pkl/jsonl/1dw0.a.pkl,1,homomer,112,112
422,1d4u.a,/home/yu/HENU/westlake/Lit-ProteinDF/preprocess/pkl/jsonl/1d4u.a.pkl,1,homomer,111,111
423,1dgl.a,/home/yu/HENU/westlake/Lit-ProteinDF/preprocess/pkl/jsonl/1dgl.a.pkl,1,homomer,237,237
424,1eiw.a,/home/yu/HENU/westlake/Lit-ProteinDF/preprocess/pkl/jsonl/1eiw.a.pkl,1,homomer,111,111
425,1bjx.a,/home/yu/HENU/westlake/Lit-ProteinDF/preprocess/pkl/jsonl/1bjx.a.pkl,1,homomer,110,110
426,1bik.a,/home/yu/HENU/westlake/Lit-ProteinDF/preprocess/pkl/jsonl/1bik.a.pkl,1,homomer,110,110
427,1a5j.a,/home/yu/HENU/westlake/Lit-ProteinDF/preprocess/pkl/jsonl/1a5j.a.pkl,1,homomer,110,110
428,1bcp.d,/home/yu/HENU/westlake/Lit-ProteinDF/preprocess/pkl/jsonl/1bcp.d.pkl,1,homomer,110,110
429,1ejf.a,/home/yu/HENU/westlake/Lit-ProteinDF/preprocess/pkl/jsonl/1ejf.a.pkl,1,homomer,110,110
430,1czj.a,/home/yu/HENU/westlake/Lit-ProteinDF/preprocess/pkl/jsonl/1czj.a.pkl,1,homomer,110,110
431,1byw.a,/home/yu/HENU/westlake/Lit-ProteinDF/preprocess/pkl/jsonl/1byw.a.pkl,1,homomer,110,110
432,1dj7.a,/home/yu/HENU/westlake/Lit-ProteinDF/preprocess/pkl/jsonl/1dj7.a.pkl,1,homomer,109,109
433,1dl7.l,/home/yu/HENU/westlake/Lit-ProteinDF/preprocess/pkl/jsonl/1dl7.l.pkl,1,homomer,109,109
434,1dbt.a,/home/yu/HENU/westlake/Lit-ProteinDF/preprocess/pkl/jsonl/1dbt.a.pkl,1,homomer,237,237
435,1bhd.a,/home/yu/HENU/westlake/Lit-ProteinDF/preprocess/pkl/jsonl/1bhd.a.pkl,1,homomer,108,108
436,1a2p.a,/home/yu/HENU/westlake/Lit-ProteinDF/preprocess/pkl/jsonl/1a2p.a.pkl,1,homomer,108,108
437,1c3y.a,/home/yu/HENU/westlake/Lit-ProteinDF/preprocess/pkl/jsonl/1c3y.a.pkl,1,homomer,108,108
438,1ay9.a,/home/yu/HENU/westlake/Lit-ProteinDF/preprocess/pkl/jsonl/1ay9.a.pkl,1,homomer,108,108
439,1chh.a,/home/yu/HENU/westlake/Lit-ProteinDF/preprocess/pkl/jsonl/1chh.a.pkl,1,homomer,108,108
440,1acx.a,/home/yu/HENU/westlake/Lit-ProteinDF/preprocess/pkl/jsonl/1acx.a.pkl,1,homomer,107,107
441,1a90.a,/home/yu/HENU/westlake/Lit-ProteinDF/preprocess/pkl/jsonl/1a90.a.pkl,1,homomer,107,107
442,1eqz.f,/home/yu/HENU/westlake/Lit-ProteinDF/preprocess/pkl/jsonl/1eqz.f.pkl,1,homomer,107,107
443,1bkf.a,/home/yu/HENU/westlake/Lit-ProteinDF/preprocess/pkl/jsonl/1bkf.a.pkl,1,homomer,107,107
444,1ej5.a,/home/yu/HENU/westlake/Lit-ProteinDF/preprocess/pkl/jsonl/1ej5.a.pkl,1,homomer,107,107
445,1ce7.b,/home/yu/HENU/westlake/Lit-ProteinDF/preprocess/pkl/jsonl/1ce7.b.pkl,1,homomer,255,255
446,1ao5.a,/home/yu/HENU/westlake/Lit-ProteinDF/preprocess/pkl/jsonl/1ao5.a.pkl,1,homomer,236,236
447,1a6l.a,/home/yu/HENU/westlake/Lit-ProteinDF/preprocess/pkl/jsonl/1a6l.a.pkl,1,homomer,106,106
448,1a1x.a,/home/yu/HENU/westlake/Lit-ProteinDF/preprocess/pkl/jsonl/1a1x.a.pkl,1,homomer,106,106
449,1b44.d,/home/yu/HENU/westlake/Lit-ProteinDF/preprocess/pkl/jsonl/1b44.d.pkl,1,homomer,106,106
450,1a75.a,/home/yu/HENU/westlake/Lit-ProteinDF/preprocess/pkl/jsonl/1a75.a.pkl,1,homomer,106,106
451,1abv.a,/home/yu/HENU/westlake/Lit-ProteinDF/preprocess/pkl/jsonl/1abv.a.pkl,1,homomer,105,105
452,1b4q.a,/home/yu/HENU/westlake/Lit-ProteinDF/preprocess/pkl/jsonl/1b4q.a.pkl,1,homomer,105,105
453,1b9r.a,/home/yu/HENU/westlake/Lit-ProteinDF/preprocess/pkl/jsonl/1b9r.a.pkl,1,homomer,105,105
454,1ddv.a,/home/yu/HENU/westlake/Lit-ProteinDF/preprocess/pkl/jsonl/1ddv.a.pkl,1,homomer,104,104
455,1bpv.a,/home/yu/HENU/westlake/Lit-ProteinDF/preprocess/pkl/jsonl/1bpv.a.pkl,1,homomer,104,104
456,1d4t.a,/home/yu/HENU/westlake/Lit-ProteinDF/preprocess/pkl/jsonl/1d4t.a.pkl,1,homomer,104,104
457,1dhr.a,/home/yu/HENU/westlake/Lit-ProteinDF/preprocess/pkl/jsonl/1dhr.a.pkl,1,homomer,236,236
458,1bir.a,/home/yu/HENU/westlake/Lit-ProteinDF/preprocess/pkl/jsonl/1bir.a.pkl,1,homomer,104,104
459,1cmb.a,/home/yu/HENU/westlake/Lit-ProteinDF/preprocess/pkl/jsonl/1cmb.a.pkl,1,homomer,104,104
460,1dm9.a,/home/yu/HENU/westlake/Lit-ProteinDF/preprocess/pkl/jsonl/1dm9.a.pkl,1,homomer,104,104
461,1b10.a,/home/yu/HENU/westlake/Lit-ProteinDF/preprocess/pkl/jsonl/1b10.a.pkl,1,homomer,104,104
462,1b98.a,/home/yu/HENU/westlake/Lit-ProteinDF/preprocess/pkl/jsonl/1b98.a.pkl,1,homomer,103,103
463,1ag4.a,/home/yu/HENU/westlake/Lit-ProteinDF/preprocess/pkl/jsonl/1ag4.a.pkl,1,homomer,103,103
464,1eaz.a,/home/yu/HENU/westlake/Lit-ProteinDF/preprocess/pkl/jsonl/1eaz.a.pkl,1,homomer,103,103
465,1b79.b,/home/yu/HENU/westlake/Lit-ProteinDF/preprocess/pkl/jsonl/1b79.b.pkl,1,homomer,103,103
466,1b0n.a,/home/yu/HENU/westlake/Lit-ProteinDF/preprocess/pkl/jsonl/1b0n.a.pkl,1,homomer,103,103
467,1d2z.a,/home/yu/HENU/westlake/Lit-ProteinDF/preprocess/pkl/jsonl/1d2z.a.pkl,1,homomer,102,102
468,1ekb.b,/home/yu/HENU/westlake/Lit-ProteinDF/preprocess/pkl/jsonl/1ekb.b.pkl,1,homomer,235,235
469,1bhu.a,/home/yu/HENU/westlake/Lit-ProteinDF/preprocess/pkl/jsonl/1bhu.a.pkl,1,homomer,102,102
470,1a1a.b,/home/yu/HENU/westlake/Lit-ProteinDF/preprocess/pkl/jsonl/1a1a.b.pkl,1,homomer,102,102
471,1d0q.a,/home/yu/HENU/westlake/Lit-ProteinDF/preprocess/pkl/jsonl/1d0q.a.pkl,1,homomer,102,102
472,1cqk.a,/home/yu/HENU/westlake/Lit-ProteinDF/preprocess/pkl/jsonl/1cqk.a.pkl,1,homomer,101,101
473,1egj.a,/home/yu/HENU/westlake/Lit-ProteinDF/preprocess/pkl/jsonl/1egj.a.pkl,1,homomer,101,101
474,1aya.a,/home/yu/HENU/westlake/Lit-ProteinDF/preprocess/pkl/jsonl/1aya.a.pkl,1,homomer,101,101
475,1dva.l,/home/yu/HENU/westlake/Lit-ProteinDF/preprocess/pkl/jsonl/1dva.l.pkl,1,homomer,101,101
476,1d7m.a,/home/yu/HENU/westlake/Lit-ProteinDF/preprocess/pkl/jsonl/1d7m.a.pkl,1,homomer,101,101
477,1ao7.b,/home/yu/HENU/westlake/Lit-ProteinDF/preprocess/pkl/jsonl/1ao7.b.pkl,1,homomer,100,100
478,1a94.a,/home/yu/HENU/westlake/Lit-ProteinDF/preprocess/pkl/jsonl/1a94.a.pkl,1,homomer,99,99
479,1e1h.a,/home/yu/HENU/westlake/Lit-ProteinDF/preprocess/pkl/jsonl/1e1h.a.pkl,1,homomer,235,235
480,1byo.a,/home/yu/HENU/westlake/Lit-ProteinDF/preprocess/pkl/jsonl/1byo.a.pkl,1,homomer,99,99
481,1dco.a,/home/yu/HENU/westlake/Lit-ProteinDF/preprocess/pkl/jsonl/1dco.a.pkl,1,homomer,99,99
482,1avv.a,/home/yu/HENU/westlake/Lit-ProteinDF/preprocess/pkl/jsonl/1avv.a.pkl,1,homomer,99,99
483,1bm8.a,/home/yu/HENU/westlake/Lit-ProteinDF/preprocess/pkl/jsonl/1bm8.a.pkl,1,homomer,99,99
484,1aps.a,/home/yu/HENU/westlake/Lit-ProteinDF/preprocess/pkl/jsonl/1aps.a.pkl,1,homomer,98,98
485,1aj3.a,/home/yu/HENU/westlake/Lit-ProteinDF/preprocess/pkl/jsonl/1aj3.a.pkl,1,homomer,98,98
486,1beo.a,/home/yu/HENU/westlake/Lit-ProteinDF/preprocess/pkl/jsonl/1beo.a.pkl,1,homomer,98,98
487,1cqm.a,/home/yu/HENU/westlake/Lit-ProteinDF/preprocess/pkl/jsonl/1cqm.a.pkl,1,homomer,98,98
488,1cyu.a,/home/yu/HENU/westlake/Lit-ProteinDF/preprocess/pkl/jsonl/1cyu.a.pkl,1,homomer,98,98
489,1d1n.a,/home/yu/HENU/westlake/Lit-ProteinDF/preprocess/pkl/jsonl/1d1n.a.pkl,1,homomer,98,98
490,1din.a,/home/yu/HENU/westlake/Lit-ProteinDF/preprocess/pkl/jsonl/1din.a.pkl,1,homomer,233,233
491,1bcp.f,/home/yu/HENU/westlake/Lit-ProteinDF/preprocess/pkl/jsonl/1bcp.f.pkl,1,homomer,98,98
492,1bym.a,/home/yu/HENU/westlake/Lit-ProteinDF/preprocess/pkl/jsonl/1bym.a.pkl,1,homomer,97,97
493,1a70.a,/home/yu/HENU/westlake/Lit-ProteinDF/preprocess/pkl/jsonl/1a70.a.pkl,1,homomer,97,97
494,1aut.l,/home/yu/HENU/westlake/Lit-ProteinDF/preprocess/pkl/jsonl/1aut.l.pkl,1,homomer,97,97
495,1cdz.a,/home/yu/HENU/westlake/Lit-ProteinDF/preprocess/pkl/jsonl/1cdz.a.pkl,1,homomer,96,96
496,1esx.a,/home/yu/HENU/westlake/Lit-ProteinDF/preprocess/pkl/jsonl/1esx.a.pkl,1,homomer,96,96
497,1cdc.a,/home/yu/HENU/westlake/Lit-ProteinDF/preprocess/pkl/jsonl/1cdc.a.pkl,1,homomer,96,96
498,1agq.b,/home/yu/HENU/westlake/Lit-ProteinDF/preprocess/pkl/jsonl/1agq.b.pkl,1,homomer,96,96
499,1ecm.b,/home/yu/HENU/westlake/Lit-ProteinDF/preprocess/pkl/jsonl/1ecm.b.pkl,1,homomer,95,95
500,1box.a,/home/yu/HENU/westlake/Lit-ProteinDF/preprocess/pkl/jsonl/1box.a.pkl,1,homomer,95,95
501,1bdf.b,/home/yu/HENU/westlake/Lit-ProteinDF/preprocess/pkl/jsonl/1bdf.b.pkl,1,homomer,232,232
502,1bja.a,/home/yu/HENU/westlake/Lit-ProteinDF/preprocess/pkl/jsonl/1bja.a.pkl,1,homomer,95,95
503,1c5e.a,/home/yu/HENU/westlake/Lit-ProteinDF/preprocess/pkl/jsonl/1c5e.a.pkl,1,homomer,95,95
504,1c07.a,/home/yu/HENU/westlake/Lit-ProteinDF/preprocess/pkl/jsonl/1c07.a.pkl,1,homomer,95,95
505,1ehx.a,/home/yu/HENU/westlake/Lit-ProteinDF/preprocess/pkl/jsonl/1ehx.a.pkl,1,homomer,94,94
506,1aue.b,/home/yu/HENU/westlake/Lit-ProteinDF/preprocess/pkl/jsonl/1aue.b.pkl,1,homomer,94,94
507,1dfu.p,/home/yu/HENU/westlake/Lit-ProteinDF/preprocess/pkl/jsonl/1dfu.p.pkl,1,homomer,94,94
508,1a9n.d,/home/yu/HENU/westlake/Lit-ProteinDF/preprocess/pkl/jsonl/1a9n.d.pkl,1,homomer,93,93
509,1b4c.a,/home/yu/HENU/westlake/Lit-ProteinDF/preprocess/pkl/jsonl/1b4c.a.pkl,1,homomer,92,92
510,1dgw.y,/home/yu/HENU/westlake/Lit-ProteinDF/preprocess/pkl/jsonl/1dgw.y.pkl,1,homomer,92,92
511,1adn.a,/home/yu/HENU/westlake/Lit-ProteinDF/preprocess/pkl/jsonl/1adn.a.pkl,1,homomer,92,92
512,1atg.a,/home/yu/HENU/westlake/Lit-ProteinDF/preprocess/pkl/jsonl/1atg.a.pkl,1,homomer,231,231
513,1cy5.a,/home/yu/HENU/westlake/Lit-ProteinDF/preprocess/pkl/jsonl/1cy5.a.pkl,1,homomer,92,92
514,1bxv.a,/home/yu/HENU/westlake/Lit-ProteinDF/preprocess/pkl/jsonl/1bxv.a.pkl,1,homomer,91,91
515,1b9w.a,/home/yu/HENU/westlake/Lit-ProteinDF/preprocess/pkl/jsonl/1b9w.a.pkl,1,homomer,91,91
516,1bte.a,/home/yu/HENU/westlake/Lit-ProteinDF/preprocess/pkl/jsonl/1bte.a.pkl,1,homomer,91,91
517,1b64.a,/home/yu/HENU/westlake/Lit-ProteinDF/preprocess/pkl/jsonl/1b64.a.pkl,1,homomer,91,91
518,1bwo.a,/home/yu/HENU/westlake/Lit-ProteinDF/preprocess/pkl/jsonl/1bwo.a.pkl,1,homomer,90,90
519,1ef1.c,/home/yu/HENU/westlake/Lit-ProteinDF/preprocess/pkl/jsonl/1ef1.c.pkl,1,homomer,90,90
520,1aw8.b,/home/yu/HENU/westlake/Lit-ProteinDF/preprocess/pkl/jsonl/1aw8.b.pkl,1,homomer,90,90
521,1bh9.b,/home/yu/HENU/westlake/Lit-ProteinDF/preprocess/pkl/jsonl/1bh9.b.pkl,1,homomer,89,89
522,1dgn.a,/home/yu/HENU/westlake/Lit-ProteinDF/preprocess/pkl/jsonl/1dgn.a.pkl,1,homomer,89,89
523,1b54.a,/home/yu/HENU/westlake/Lit-ProteinDF/preprocess/pkl/jsonl/1b54.a.pkl,1,homomer,230,230
524,1a19.a,/home/yu/HENU/westlake/Lit-ProteinDF/preprocess/pkl/jsonl/1a19.a.pkl,1,homomer,89,89
525,1ci4.a,/home/yu/HENU/westlake/Lit-ProteinDF/preprocess/pkl/jsonl/1ci4.a.pkl,1,homomer,89,89
526,1ef5.a,/home/yu/HENU/westlake/Lit-ProteinDF/preprocess/pkl/jsonl/1ef5.a.pkl,1,homomer,88,88
527,1c6r.a,/home/yu/HENU/westlake/Lit-ProteinDF/preprocess/pkl/jsonl/1c6r.a.pkl,1,homomer,88,88
528,1c9f.a,/home/yu/HENU/westlake/Lit-ProteinDF/preprocess/pkl/jsonl/1c9f.a.pkl,1,homomer,87,87
529,1aaz.a,/home/yu/HENU/westlake/Lit-ProteinDF/preprocess/pkl/jsonl/1aaz.a.pkl,1,homomer,87,87
530,1b5f.b,/home/yu/HENU/westlake/Lit-ProteinDF/preprocess/pkl/jsonl/1b5f.b.pkl,1,homomer,87,87
531,1a68.a,/home/yu/HENU/westlake/Lit-ProteinDF/preprocess/pkl/jsonl/1a68.a.pkl,1,homomer,87,87
532,1a6s.a,/home/yu/HENU/westlake/Lit-ProteinDF/preprocess/pkl/jsonl/1a6s.a.pkl,1,homomer,87,87
533,1e5b.a,/home/yu/HENU/westlake/Lit-ProteinDF/preprocess/pkl/jsonl/1e5b.a.pkl,1,homomer,87,87
534,1dqn.a,/home/yu/HENU/westlake/Lit-ProteinDF/preprocess/pkl/jsonl/1dqn.a.pkl,1,homomer,230,230
535,1cxz.b,/home/yu/HENU/westlake/Lit-ProteinDF/preprocess/pkl/jsonl/1cxz.b.pkl,1,homomer,86,86
536,1an2.a,/home/yu/HENU/westlake/Lit-ProteinDF/preprocess/pkl/jsonl/1an2.a.pkl,1,homomer,86,86
537,1af8.a,/home/yu/HENU/westlake/Lit-ProteinDF/preprocess/pkl/jsonl/1af8.a.pkl,1,homomer,86,86
538,1ae2.a,/home/yu/HENU/westlake/Lit-ProteinDF/preprocess/pkl/jsonl/1ae2.a.pkl,1,homomer,86,86
539,1a7h.a,/home/yu/HENU/westlake/Lit-ProteinDF/preprocess/pkl/jsonl/1a7h.a.pkl,1,homomer,86,86
540,1b0y.a,/home/yu/HENU/westlake/Lit-ProteinDF/preprocess/pkl/jsonl/1b0y.a.pkl,1,homomer,85,85
541,1a1i.a,/home/yu/HENU/westlake/Lit-ProteinDF/preprocess/pkl/jsonl/1a1i.a.pkl,1,homomer,85,85
542,1e91.a,/home/yu/HENU/westlake/Lit-ProteinDF/preprocess/pkl/jsonl/1e91.a.pkl,1,homomer,85,85
543,1aqa.a,/home/yu/HENU/westlake/Lit-ProteinDF/preprocess/pkl/jsonl/1aqa.a.pkl,1,homomer,84,84
544,1aab.a,/home/yu/HENU/westlake/Lit-ProteinDF/preprocess/pkl/jsonl/1aab.a.pkl,1,homomer,83,83
545,1at9.a,/home/yu/HENU/westlake/Lit-ProteinDF/preprocess/pkl/jsonl/1at9.a.pkl,1,homomer,230,230
546,1d1r.a,/home/yu/HENU/westlake/Lit-ProteinDF/preprocess/pkl/jsonl/1d1r.a.pkl,1,homomer,83,83
547,1es7.b,/home/yu/HENU/westlake/Lit-ProteinDF/preprocess/pkl/jsonl/1es7.b.pkl,1,homomer,83,83
548,1bxi.a,/home/yu/HENU/westlake/Lit-ProteinDF/preprocess/pkl/jsonl/1bxi.a.pkl,1,homomer,83,83
549,1cc5.a,/home/yu/HENU/westlake/Lit-ProteinDF/preprocess/pkl/jsonl/1cc5.a.pkl,1,homomer,83,83
550,1dqb.a,/home/yu/HENU/westlake/Lit-ProteinDF/preprocess/pkl/jsonl/1dqb.a.pkl,1,homomer,83,83
551,1a1w.a,/home/yu/HENU/westlake/Lit-ProteinDF/preprocess/pkl/jsonl/1a1w.a.pkl,1,homomer,83,83
552,1emo.a,/home/yu/HENU/westlake/Lit-ProteinDF/preprocess/pkl/jsonl/1emo.a.pkl,1,homomer,82,82
553,1emn.a,/home/yu/HENU/westlake/Lit-ProteinDF/preprocess/pkl/jsonl/1emn.a.pkl,1,homomer,82,82
554,1a7g.e,/home/yu/HENU/westlake/Lit-ProteinDF/preprocess/pkl/jsonl/1a7g.e.pkl,1,homomer,82,82
555,1cch.a,/home/yu/HENU/westlake/Lit-ProteinDF/preprocess/pkl/jsonl/1cch.a.pkl,1,homomer,82,82
556,1bg5.a,/home/yu/HENU/westlake/Lit-ProteinDF/preprocess/pkl/jsonl/1bg5.a.pkl,1,homomer,254,254
557,1bkj.a,/home/yu/HENU/westlake/Lit-ProteinDF/preprocess/pkl/jsonl/1bkj.a.pkl,1,homomer,230,230
558,1cf7.b,/home/yu/HENU/westlake/Lit-ProteinDF/preprocess/pkl/jsonl/1cf7.b.pkl,1,homomer,82,82
559,1cxy.a,/home/yu/HENU/westlake/Lit-ProteinDF/preprocess/pkl/jsonl/1cxy.a.pkl,1,homomer,81,81
560,1d8b.a,/home/yu/HENU/westlake/Lit-ProteinDF/preprocess/pkl/jsonl/1d8b.a.pkl,1,homomer,81,81
561,1d3b.b,/home/yu/HENU/westlake/Lit-ProteinDF/preprocess/pkl/jsonl/1d3b.b.pkl,1,homomer,81,81
562,1dcj.a,/home/yu/HENU/westlake/Lit-ProteinDF/preprocess/pkl/jsonl/1dcj.a.pkl,1,homomer,81,81
563,1d8j.a,/home/yu/HENU/westlake/Lit-ProteinDF/preprocess/pkl/jsonl/1d8j.a.pkl,1,homomer,81,81
564,1bdo.a,/home/yu/HENU/westlake/Lit-ProteinDF/preprocess/pkl/jsonl/1bdo.a.pkl,1,homomer,80,80
565,1blu.a,/home/yu/HENU/westlake/Lit-ProteinDF/preprocess/pkl/jsonl/1blu.a.pkl,1,homomer,80,80
566,1dv5.a,/home/yu/HENU/westlake/Lit-ProteinDF/preprocess/pkl/jsonl/1dv5.a.pkl,1,homomer,80,80
567,1b4r.a,/home/yu/HENU/westlake/Lit-ProteinDF/preprocess/pkl/jsonl/1b4r.a.pkl,1,homomer,80,80
568,1b77.a,/home/yu/HENU/westlake/Lit-ProteinDF/preprocess/pkl/jsonl/1b77.a.pkl,1,homomer,228,228
569,1euv.b,/home/yu/HENU/westlake/Lit-ProteinDF/preprocess/pkl/jsonl/1euv.b.pkl,1,homomer,79,79
570,1dvh.a,/home/yu/HENU/westlake/Lit-ProteinDF/preprocess/pkl/jsonl/1dvh.a.pkl,1,homomer,79,79
571,1dj8.a,/home/yu/HENU/westlake/Lit-ProteinDF/preprocess/pkl/jsonl/1dj8.a.pkl,1,homomer,79,79
572,1a91.a,/home/yu/HENU/westlake/Lit-ProteinDF/preprocess/pkl/jsonl/1a91.a.pkl,1,homomer,79,79
573,1aoy.a,/home/yu/HENU/westlake/Lit-ProteinDF/preprocess/pkl/jsonl/1aoy.a.pkl,1,homomer,78,78
574,1e4u.a,/home/yu/HENU/westlake/Lit-ProteinDF/preprocess/pkl/jsonl/1e4u.a.pkl,1,homomer,78,78
575,1bcc.g,/home/yu/HENU/westlake/Lit-ProteinDF/preprocess/pkl/jsonl/1bcc.g.pkl,1,homomer,78,78
576,1cks.b,/home/yu/HENU/westlake/Lit-ProteinDF/preprocess/pkl/jsonl/1cks.b.pkl,1,homomer,78,78
577,1akh.b,/home/yu/HENU/westlake/Lit-ProteinDF/preprocess/pkl/jsonl/1akh.b.pkl,1,homomer,78,78
578,1eo0.a,/home/yu/HENU/westlake/Lit-ProteinDF/preprocess/pkl/jsonl/1eo0.a.pkl,1,homomer,77,77
579,1etz.b,/home/yu/HENU/westlake/Lit-ProteinDF/preprocess/pkl/jsonl/1etz.b.pkl,1,homomer,228,228
580,1c1y.b,/home/yu/HENU/westlake/Lit-ProteinDF/preprocess/pkl/jsonl/1c1y.b.pkl,1,homomer,77,77
581,1dip.a,/home/yu/HENU/westlake/Lit-ProteinDF/preprocess/pkl/jsonl/1dip.a.pkl,1,homomer,77,77
582,1ccd.a,/home/yu/HENU/westlake/Lit-ProteinDF/preprocess/pkl/jsonl/1ccd.a.pkl,1,homomer,77,77
583,1awj.a,/home/yu/HENU/westlake/Lit-ProteinDF/preprocess/pkl/jsonl/1awj.a.pkl,1,homomer,77,77
584,1e8o.d,/home/yu/HENU/westlake/Lit-ProteinDF/preprocess/pkl/jsonl/1e8o.d.pkl,1,homomer,76,76
585,1dp7.p,/home/yu/HENU/westlake/Lit-ProteinDF/preprocess/pkl/jsonl/1dp7.p.pkl,1,homomer,76,76
586,1dgw.x,/home/yu/HENU/westlake/Lit-ProteinDF/preprocess/pkl/jsonl/1dgw.x.pkl,1,homomer,76,76
587,1boc.a,/home/yu/HENU/westlake/Lit-ProteinDF/preprocess/pkl/jsonl/1boc.a.pkl,1,homomer,76,76
588,1ekz.a,/home/yu/HENU/westlake/Lit-ProteinDF/preprocess/pkl/jsonl/1ekz.a.pkl,1,homomer,76,76
589,1du2.a,/home/yu/HENU/westlake/Lit-ProteinDF/preprocess/pkl/jsonl/1du2.a.pkl,1,homomer,76,76
590,1dyq.a,/home/yu/HENU/westlake/Lit-ProteinDF/preprocess/pkl/jsonl/1dyq.a.pkl,1,homomer,228,228
591,1c01.a,/home/yu/HENU/westlake/Lit-ProteinDF/preprocess/pkl/jsonl/1c01.a.pkl,1,homomer,76,76
592,1dny.a,/home/yu/HENU/westlake/Lit-ProteinDF/preprocess/pkl/jsonl/1dny.a.pkl,1,homomer,76,76
593,1etk.a,/home/yu/HENU/westlake/Lit-ProteinDF/preprocess/pkl/jsonl/1etk.a.pkl,1,homomer,75,75
594,1e8o.a,/home/yu/HENU/westlake/Lit-ProteinDF/preprocess/pkl/jsonl/1e8o.a.pkl,1,homomer,74,74
595,1c7u.a,/home/yu/HENU/westlake/Lit-ProteinDF/preprocess/pkl/jsonl/1c7u.a.pkl,1,homomer,74,74
596,1apj.a,/home/yu/HENU/westlake/Lit-ProteinDF/preprocess/pkl/jsonl/1apj.a.pkl,1,homomer,74,74
597,1b34.b,/home/yu/HENU/westlake/Lit-ProteinDF/preprocess/pkl/jsonl/1b34.b.pkl,1,homomer,74,74
598,1dj7.b,/home/yu/HENU/westlake/Lit-ProteinDF/preprocess/pkl/jsonl/1dj7.b.pkl,1,homomer,73,73
599,1dqc.a,/home/yu/HENU/westlake/Lit-ProteinDF/preprocess/pkl/jsonl/1dqc.a.pkl,1,homomer,73,73
600,1bo9.a,/home/yu/HENU/westlake/Lit-ProteinDF/preprocess/pkl/jsonl/1bo9.a.pkl,1,homomer,73,73
601,1a7t.a,/home/yu/HENU/westlake/Lit-ProteinDF/preprocess/pkl/jsonl/1a7t.a.pkl,1,homomer,227,227
602,1dt4.a,/home/yu/HENU/westlake/Lit-ProteinDF/preprocess/pkl/jsonl/1dt4.a.pkl,1,homomer,73,73
603,1eij.a,/home/yu/HENU/westlake/Lit-ProteinDF/preprocess/pkl/jsonl/1eij.a.pkl,1,homomer,72,72
604,1afi.a,/home/yu/HENU/westlake/Lit-ProteinDF/preprocess/pkl/jsonl/1afi.a.pkl,1,homomer,72,72
605,1cc8.a,/home/yu/HENU/westlake/Lit-ProteinDF/preprocess/pkl/jsonl/1cc8.a.pkl,1,homomer,72,72
606,1baj.a,/home/yu/HENU/westlake/Lit-ProteinDF/preprocess/pkl/jsonl/1baj.a.pkl,1,homomer,71,71
607,1ah9.a,/home/yu/HENU/westlake/Lit-ProteinDF/preprocess/pkl/jsonl/1ah9.a.pkl,1,homomer,71,71
608,1b4b.a,/home/yu/HENU/westlake/Lit-ProteinDF/preprocess/pkl/jsonl/1b4b.a.pkl,1,homomer,71,71
609,1c75.a,/home/yu/HENU/westlake/Lit-ProteinDF/preprocess/pkl/jsonl/1c75.a.pkl,1,homomer,71,71
610,1d3b.c,/home/yu/HENU/westlake/Lit-ProteinDF/preprocess/pkl/jsonl/1d3b.c.pkl,1,homomer,71,71
611,1b22.a,/home/yu/HENU/westlake/Lit-ProteinDF/preprocess/pkl/jsonl/1b22.a.pkl,1,homomer,70,70
612,1aol.a,/home/yu/HENU/westlake/Lit-ProteinDF/preprocess/pkl/jsonl/1aol.a.pkl,1,homomer,227,227
613,1dz1.a,/home/yu/HENU/westlake/Lit-ProteinDF/preprocess/pkl/jsonl/1dz1.a.pkl,1,homomer,70,70
614,1ail.a,/home/yu/HENU/westlake/Lit-ProteinDF/preprocess/pkl/jsonl/1ail.a.pkl,1,homomer,70,70
615,1c48.a,/home/yu/HENU/westlake/Lit-ProteinDF/preprocess/pkl/jsonl/1c48.a.pkl,1,homomer,69,69
616,1di2.a,/home/yu/HENU/westlake/Lit-ProteinDF/preprocess/pkl/jsonl/1di2.a.pkl,1,homomer,69,69
617,1b69.a,/home/yu/HENU/westlake/Lit-ProteinDF/preprocess/pkl/jsonl/1b69.a.pkl,1,homomer,69,69
618,1dwm.a,/home/yu/HENU/westlake/Lit-ProteinDF/preprocess/pkl/jsonl/1dwm.a.pkl,1,homomer,69,69
619,1eay.d,/home/yu/HENU/westlake/Lit-ProteinDF/preprocess/pkl/jsonl/1eay.d.pkl,1,homomer,69,69
620,1doq.a,/home/yu/HENU/westlake/Lit-ProteinDF/preprocess/pkl/jsonl/1doq.a.pkl,1,homomer,69,69
621,1bby.a,/home/yu/HENU/westlake/Lit-ProteinDF/preprocess/pkl/jsonl/1bby.a.pkl,1,homomer,69,69
622,1bct.a,/home/yu/HENU/westlake/Lit-ProteinDF/preprocess/pkl/jsonl/1bct.a.pkl,1,homomer,69,69
623,1cby.a,/home/yu/HENU/westlake/Lit-ProteinDF/preprocess/pkl/jsonl/1cby.a.pkl,1,homomer,227,227
624,1dul.a,/home/yu/HENU/westlake/Lit-ProteinDF/preprocess/pkl/jsonl/1dul.a.pkl,1,homomer,69,69
625,1b72.a,/home/yu/HENU/westlake/Lit-ProteinDF/preprocess/pkl/jsonl/1b72.a.pkl,1,homomer,68,68
626,1chc.a,/home/yu/HENU/westlake/Lit-ProteinDF/preprocess/pkl/jsonl/1chc.a.pkl,1,homomer,68,68
627,1cpz.a,/home/yu/HENU/westlake/Lit-ProteinDF/preprocess/pkl/jsonl/1cpz.a.pkl,1,homomer,68,68
628,1cok.a,/home/yu/HENU/westlake/Lit-ProteinDF/preprocess/pkl/jsonl/1cok.a.pkl,1,homomer,68,68
629,1cm9.a,/home/yu/HENU/westlake/Lit-ProteinDF/preprocess/pkl/jsonl/1cm9.a.pkl,1,homomer,68,68
630,1ctf.a,/home/yu/HENU/westlake/Lit-ProteinDF/preprocess/pkl/jsonl/1ctf.a.pkl,1,homomer,68,68
631,1a7w.a,/home/yu/HENU/westlake/Lit-ProteinDF/preprocess/pkl/jsonl/1a7w.a.pkl,1,homomer,68,68
632,1b33.n,/home/yu/HENU/westlake/Lit-ProteinDF/preprocess/pkl/jsonl/1b33.n.pkl,1,homomer,67,67
633,1a15.a,/home/yu/HENU/westlake/Lit-ProteinDF/preprocess/pkl/jsonl/1a15.a.pkl,1,homomer,67,67
634,1azz.a,/home/yu/HENU/westlake/Lit-ProteinDF/preprocess/pkl/jsonl/1azz.a.pkl,1,homomer,226,226
635,1bmr.a,/home/yu/HENU/westlake/Lit-ProteinDF/preprocess/pkl/jsonl/1bmr.a.pkl,1,homomer,67,67
636,1cf7.a,/home/yu/HENU/westlake/Lit-ProteinDF/preprocess/pkl/jsonl/1cf7.a.pkl,1,homomer,67,67
637,1bw5.a,/home/yu/HENU/westlake/Lit-ProteinDF/preprocess/pkl/jsonl/1bw5.a.pkl,1,homomer,66,66
638,1bcc.h,/home/yu/HENU/westlake/Lit-ProteinDF/preprocess/pkl/jsonl/1bcc.h.pkl,1,homomer,66,66
639,1bha.a,/home/yu/HENU/westlake/Lit-ProteinDF/preprocess/pkl/jsonl/1bha.a.pkl,1,homomer,66,66
640,1azp.a,/home/yu/HENU/westlake/Lit-ProteinDF/preprocess/pkl/jsonl/1azp.a.pkl,1,homomer,66,66
641,1ame.a,/home/yu/HENU/westlake/Lit-ProteinDF/preprocess/pkl/jsonl/1ame.a.pkl,1,homomer,66,66
642,1d1m.a,/home/yu/HENU/westlake/Lit-ProteinDF/preprocess/pkl/jsonl/1d1m.a.pkl,1,homomer,65,65
643,1c5a.a,/home/yu/HENU/westlake/Lit-ProteinDF/preprocess/pkl/jsonl/1c5a.a.pkl,1,homomer,65,65
644,1a0a.a,/home/yu/HENU/westlake/Lit-ProteinDF/preprocess/pkl/jsonl/1a0a.a.pkl,1,homomer,63,63
645,1b12.c,/home/yu/HENU/westlake/Lit-ProteinDF/preprocess/pkl/jsonl/1b12.c.pkl,1,homomer,226,226
646,1cse.i,/home/yu/HENU/westlake/Lit-ProteinDF/preprocess/pkl/jsonl/1cse.i.pkl,1,homomer,63,63
647,1aiw.a,/home/yu/HENU/westlake/Lit-ProteinDF/preprocess/pkl/jsonl/1aiw.a.pkl,1,homomer,62,62
648,1e0b.a,/home/yu/HENU/westlake/Lit-ProteinDF/preprocess/pkl/jsonl/1e0b.a.pkl,1,homomer,61,61
649,1eai.c,/home/yu/HENU/westlake/Lit-ProteinDF/preprocess/pkl/jsonl/1eai.c.pkl,1,homomer,61,61
650,1dtd.b,/home/yu/HENU/westlake/Lit-ProteinDF/preprocess/pkl/jsonl/1dtd.b.pkl,1,homomer,61,61
651,1dem.a,/home/yu/HENU/westlake/Lit-ProteinDF/preprocess/pkl/jsonl/1dem.a.pkl,1,homomer,60,60
652,1cb9.a,/home/yu/HENU/westlake/Lit-ProteinDF/preprocess/pkl/jsonl/1cb9.a.pkl,1,homomer,60,60
653,1a7i.a,/home/yu/HENU/westlake/Lit-ProteinDF/preprocess/pkl/jsonl/1a7i.a.pkl,1,homomer,60,60
654,1avo.a,/home/yu/HENU/westlake/Lit-ProteinDF/preprocess/pkl/jsonl/1avo.a.pkl,1,homomer,60,60
655,1d0d.a,/home/yu/HENU/westlake/Lit-ProteinDF/preprocess/pkl/jsonl/1d0d.a.pkl,1,homomer,60,60
656,1bdf.a,/home/yu/HENU/westlake/Lit-ProteinDF/preprocess/pkl/jsonl/1bdf.a.pkl,1,homomer,226,226
657,1cee.b,/home/yu/HENU/westlake/Lit-ProteinDF/preprocess/pkl/jsonl/1cee.b.pkl,1,homomer,59,59
658,1ev0.a,/home/yu/HENU/westlake/Lit-ProteinDF/preprocess/pkl/jsonl/1ev0.a.pkl,1,homomer,58,58
659,1dl6.a,/home/yu/HENU/westlake/Lit-ProteinDF/preprocess/pkl/jsonl/1dl6.a.pkl,1,homomer,58,58
660,1df4.a,/home/yu/HENU/westlake/Lit-ProteinDF/preprocess/pkl/jsonl/1df4.a.pkl,1,homomer,57,57
661,1aal.b,/home/yu/HENU/westlake/Lit-ProteinDF/preprocess/pkl/jsonl/1aal.b.pkl,1,homomer,57,57
662,1e0f.i,/home/yu/HENU/westlake/Lit-ProteinDF/preprocess/pkl/jsonl/1e0f.i.pkl,1,homomer,57,57
663,1bus.a,/home/yu/HENU/westlake/Lit-ProteinDF/preprocess/pkl/jsonl/1bus.a.pkl,1,homomer,57,57
664,1d66.b,/home/yu/HENU/westlake/Lit-ProteinDF/preprocess/pkl/jsonl/1d66.b.pkl,1,homomer,57,57
665,1awo.a,/home/yu/HENU/westlake/Lit-ProteinDF/preprocess/pkl/jsonl/1awo.a.pkl,1,homomer,57,57
666,1b35.d,/home/yu/HENU/westlake/Lit-ProteinDF/preprocess/pkl/jsonl/1b35.d.pkl,1,homomer,57,57
667,1e7p.c,/home/yu/HENU/westlake/Lit-ProteinDF/preprocess/pkl/jsonl/1e7p.c.pkl,1,homomer,254,254
668,1a8l.a,/home/yu/HENU/westlake/Lit-ProteinDF/preprocess/pkl/jsonl/1a8l.a.pkl,1,homomer,226,226
669,1bw6.a,/home/yu/HENU/westlake/Lit-ProteinDF/preprocess/pkl/jsonl/1bw6.a.pkl,1,homomer,56,56
670,1ci6.a,/home/yu/HENU/westlake/Lit-ProteinDF/preprocess/pkl/jsonl/1ci6.a.pkl,1,homomer,56,56
671,1bor.a,/home/yu/HENU/westlake/Lit-ProteinDF/preprocess/pkl/jsonl/1bor.a.pkl,1,homomer,56,56
672,1e52.a,/home/yu/HENU/westlake/Lit-ProteinDF/preprocess/pkl/jsonl/1e52.a.pkl,1,homomer,56,56
673,1ccv.a,/home/yu/HENU/westlake/Lit-ProteinDF/preprocess/pkl/jsonl/1ccv.a.pkl,1,homomer,56,56
674,1eq7.a,/home/yu/HENU/westlake/Lit-ProteinDF/preprocess/pkl/jsonl/1eq7.a.pkl,1,homomer,56,56
675,1d2d.a,/home/yu/HENU/westlake/Lit-ProteinDF/preprocess/pkl/jsonl/1d2d.a.pkl,1,homomer,56,56
676,1cov.4,/home/yu/HENU/westlake/Lit-ProteinDF/preprocess/pkl/jsonl/1cov.4.pkl,1,homomer,55,55
677,1c6v.x,/home/yu/HENU/westlake/Lit-ProteinDF/preprocess/pkl/jsonl/1c6v.x.pkl,1,homomer,55,55
678,1auu.a,/home/yu/HENU/westlake/Lit-ProteinDF/preprocess/pkl/jsonl/1auu.a.pkl,1,homomer,55,55
679,1eke.b,/home/yu/HENU/westlake/Lit-ProteinDF/preprocess/pkl/jsonl/1eke.b.pkl,1,homomer,225,225
680,1b6q.a,/home/yu/HENU/westlake/Lit-ProteinDF/preprocess/pkl/jsonl/1b6q.a.pkl,1,homomer,55,55
681,1ef4.a,/home/yu/HENU/westlake/Lit-ProteinDF/preprocess/pkl/jsonl/1ef4.a.pkl,1,homomer,55,55
682,1a1t.a,/home/yu/HENU/westlake/Lit-ProteinDF/preprocess/pkl/jsonl/1a1t.a.pkl,1,homomer,55,55
683,1dp3.a,/home/yu/HENU/westlake/Lit-ProteinDF/preprocess/pkl/jsonl/1dp3.a.pkl,1,homomer,55,55
684,1brz.a,/home/yu/HENU/westlake/Lit-ProteinDF/preprocess/pkl/jsonl/1brz.a.pkl,1,homomer,54,54
685,1avy.b,/home/yu/HENU/westlake/Lit-ProteinDF/preprocess/pkl/jsonl/1avy.b.pkl,1,homomer,54,54
686,1ce3.a,/home/yu/HENU/westlake/Lit-ProteinDF/preprocess/pkl/jsonl/1ce3.a.pkl,1,homomer,54,54
687,1ba5.a,/home/yu/HENU/westlake/Lit-ProteinDF/preprocess/pkl/jsonl/1ba5.a.pkl,1,homomer,53,53
688,1deb.b,/home/yu/HENU/westlake/Lit-ProteinDF/preprocess/pkl/jsonl/1deb.b.pkl,1,homomer,53,53
689,1a02.f,/home/yu/HENU/westlake/Lit-ProteinDF/preprocess/pkl/jsonl/1a02.f.pkl,1,homomer,53,53
690,1bcp.a,/home/yu/HENU/westlake/Lit-ProteinDF/preprocess/pkl/jsonl/1bcp.a.pkl,1,homomer,224,224
691,1a02.j,/home/yu/HENU/westlake/Lit-ProteinDF/preprocess/pkl/jsonl/1a02.j.pkl,1,homomer,52,52
692,1afp.a,/home/yu/HENU/westlake/Lit-ProteinDF/preprocess/pkl/jsonl/1afp.a.pkl,1,homomer,51,51
693,1ayj.a,/home/yu/HENU/westlake/Lit-ProteinDF/preprocess/pkl/jsonl/1ayj.a.pkl,1,homomer,51,51
694,1bal.a,/home/yu/HENU/westlake/Lit-ProteinDF/preprocess/pkl/jsonl/1bal.a.pkl,1,homomer,51,51
695,1bx7.a,/home/yu/HENU/westlake/Lit-ProteinDF/preprocess/pkl/jsonl/1bx7.a.pkl,1,homomer,51,51
696,1ceu.a,/home/yu/HENU/westlake/Lit-ProteinDF/preprocess/pkl/jsonl/1ceu.a.pkl,1,homomer,51,51
697,1a92.a,/home/yu/HENU/westlake/Lit-ProteinDF/preprocess/pkl/jsonl/1a92.a.pkl,1,homomer,50,50
698,1e8r.a,/home/yu/HENU/westlake/Lit-ProteinDF/preprocess/pkl/jsonl/1e8r.a.pkl,1,homomer,50,50
699,1al0.b,/home/yu/HENU/westlake/Lit-ProteinDF/preprocess/pkl/jsonl/1al0.b.pkl,1,homomer,49,49
700,1ahl.a,/home/yu/HENU/westlake/Lit-ProteinDF/preprocess/pkl/jsonl/1ahl.a.pkl,1,homomer,49,49
701,1byi.a,/home/yu/HENU/westlake/Lit-ProteinDF/preprocess/pkl/jsonl/1byi.a.pkl,1,homomer,224,224
702,1e0g.a,/home/yu/HENU/westlake/Lit-ProteinDF/preprocess/pkl/jsonl/1e0g.a.pkl,1,homomer,48,48
703,1cw5.a,/home/yu/HENU/westlake/Lit-ProteinDF/preprocess/pkl/jsonl/1cw5.a.pkl,1,homomer,48,48
704,1dx7.a,/home/yu/HENU/westlake/Lit-ProteinDF/preprocess/pkl/jsonl/1dx7.a.pkl,1,homomer,48,48
705,1ehs.a,/home/yu/HENU/westlake/Lit-ProteinDF/preprocess/pkl/jsonl/1ehs.a.pkl,1,homomer,48,48
706,1agg.a,/home/yu/HENU/westlake/Lit-ProteinDF/preprocess/pkl/jsonl/1agg.a.pkl,1,homomer,48,48
707,1cfh.a,/home/yu/HENU/westlake/Lit-ProteinDF/preprocess/pkl/jsonl/1cfh.a.pkl,1,homomer,47,47
708,1csb.a,/home/yu/HENU/westlake/Lit-ProteinDF/preprocess/pkl/jsonl/1csb.a.pkl,1,homomer,47,47
709,1aq5.a,/home/yu/HENU/westlake/Lit-ProteinDF/preprocess/pkl/jsonl/1aq5.a.pkl,1,homomer,47,47
710,1d6g.a,/home/yu/HENU/westlake/Lit-ProteinDF/preprocess/pkl/jsonl/1d6g.a.pkl,1,homomer,47,47
711,1baz.c,/home/yu/HENU/westlake/Lit-ProteinDF/preprocess/pkl/jsonl/1baz.c.pkl,1,homomer,46,46
712,1cq3.a,/home/yu/HENU/westlake/Lit-ProteinDF/preprocess/pkl/jsonl/1cq3.a.pkl,1,homomer,224,224
713,1e8p.a,/home/yu/HENU/westlake/Lit-ProteinDF/preprocess/pkl/jsonl/1e8p.a.pkl,1,homomer,46,46
714,1crn.a,/home/yu/HENU/westlake/Lit-ProteinDF/preprocess/pkl/jsonl/1crn.a.pkl,1,homomer,46,46
715,1e0a.b,/home/yu/HENU/westlake/Lit-ProteinDF/preprocess/pkl/jsonl/1e0a.b.pkl,1,homomer,46,46
716,1czq.a,/home/yu/HENU/westlake/Lit-ProteinDF/preprocess/pkl/jsonl/1czq.a.pkl,1,homomer,45,45
717,1bhp.a,/home/yu/HENU/westlake/Lit-ProteinDF/preprocess/pkl/jsonl/1bhp.a.pkl,1,homomer,45,45
718,1dv0.a,/home/yu/HENU/westlake/Lit-ProteinDF/preprocess/pkl/jsonl/1dv0.a.pkl,1,homomer,45,45
719,1bh9.a,/home/yu/HENU/westlake/Lit-ProteinDF/preprocess/pkl/jsonl/1bh9.a.pkl,1,homomer,45,45
720,1ed7.a,/home/yu/HENU/westlake/Lit-ProteinDF/preprocess/pkl/jsonl/1ed7.a.pkl,1,homomer,44,44
721,1cix.a,/home/yu/HENU/westlake/Lit-ProteinDF/preprocess/pkl/jsonl/1cix.a.pkl,1,homomer,44,44
722,1cwx.a,/home/yu/HENU/westlake/Lit-ProteinDF/preprocess/pkl/jsonl/1cwx.a.pkl,1,homomer,44,44
723,1bd3.a,/home/yu/HENU/westlake/Lit-ProteinDF/preprocess/pkl/jsonl/1bd3.a.pkl,1,homomer,224,224
724,1cf4.b,/home/yu/HENU/westlake/Lit-ProteinDF/preprocess/pkl/jsonl/1cf4.b.pkl,1,homomer,44,44
725,1b01.a,/home/yu/HENU/westlake/Lit-ProteinDF/preprocess/pkl/jsonl/1b01.a.pkl,1,homomer,43,43
726,1bds.a,/home/yu/HENU/westlake/Lit-ProteinDF/preprocess/pkl/jsonl/1bds.a.pkl,1,homomer,43,43
727,1ept.a,/home/yu/HENU/westlake/Lit-ProteinDF/preprocess/pkl/jsonl/1ept.a.pkl,1,homomer,43,43
728,1co4.a,/home/yu/HENU/westlake/Lit-ProteinDF/preprocess/pkl/jsonl/1co4.a.pkl,1,homomer,42,42
729,1bzk.a,/home/yu/HENU/westlake/Lit-ProteinDF/preprocess/pkl/jsonl/1bzk.a.pkl,1,homomer,42,42
730,1b8w.a,/home/yu/HENU/westlake/Lit-ProteinDF/preprocess/pkl/jsonl/1b8w.a.pkl,1,homomer,42,42
731,1bi6.h,/home/yu/HENU/westlake/Lit-ProteinDF/preprocess/pkl/jsonl/1bi6.h.pkl,1,homomer,41,41
732,1d5s.b,/home/yu/HENU/westlake/Lit-ProteinDF/preprocess/pkl/jsonl/1d5s.b.pkl,1,homomer,41,41
733,1ebd.c,/home/yu/HENU/westlake/Lit-ProteinDF/preprocess/pkl/jsonl/1ebd.c.pkl,1,homomer,41,41
734,1cjm.a,/home/yu/HENU/westlake/Lit-ProteinDF/preprocess/pkl/jsonl/1cjm.a.pkl,1,homomer,223,223
735,1dev.b,/home/yu/HENU/westlake/Lit-ProteinDF/preprocess/pkl/jsonl/1dev.b.pkl,1,homomer,41,41
736,1edx.a,/home/yu/HENU/westlake/Lit-ProteinDF/preprocess/pkl/jsonl/1edx.a.pkl,1,homomer,40,40
737,1erd.a,/home/yu/HENU/westlake/Lit-ProteinDF/preprocess/pkl/jsonl/1erd.a.pkl,1,homomer,40,40
738,1afo.a,/home/yu/HENU/westlake/Lit-ProteinDF/preprocess/pkl/jsonl/1afo.a.pkl,1,homomer,40,40
739,1bbg.a,/home/yu/HENU/westlake/Lit-ProteinDF/preprocess/pkl/jsonl/1bbg.a.pkl,1,homomer,40,40
740,1dd4.d,/home/yu/HENU/westlake/Lit-ProteinDF/preprocess/pkl/jsonl/1dd4.d.pkl,1,homomer,40,40
741,1aml.a,/home/yu/HENU/westlake/Lit-ProteinDF/preprocess/pkl/jsonl/1aml.a.pkl,1,homomer,40,40
742,1aoo.a,/home/yu/HENU/westlake/Lit-ProteinDF/preprocess/pkl/jsonl/1aoo.a.pkl,1,homomer,40,40
743,1d2i.a,/home/yu/HENU/westlake/Lit-ProteinDF/preprocess/pkl/jsonl/1d2i.a.pkl,1,homomer,223,223
744,1d2t.a,/home/yu/HENU/westlake/Lit-ProteinDF/preprocess/pkl/jsonl/1d2t.a.pkl,1,homomer,222,222
745,1eq9.a,/home/yu/HENU/westlake/Lit-ProteinDF/preprocess/pkl/jsonl/1eq9.a.pkl,1,homomer,222,222
746,1dxe.a,/home/yu/HENU/westlake/Lit-ProteinDF/preprocess/pkl/jsonl/1dxe.a.pkl,1,homomer,253,253
747,1bol.a,/home/yu/HENU/westlake/Lit-ProteinDF/preprocess/pkl/jsonl/1bol.a.pkl,1,homomer,222,222
748,1eke.a,/home/yu/HENU/westlake/Lit-ProteinDF/preprocess/pkl/jsonl/1eke.a.pkl,1,homomer,222,222
749,1dxk.a,/home/yu/HENU/westlake/Lit-ProteinDF/preprocess/pkl/jsonl/1dxk.a.pkl,1,homomer,221,221
750,1a8r.a,/home/yu/HENU/westlake/Lit-ProteinDF/preprocess/pkl/jsonl/1a8r.a.pkl,1,homomer,221,221
751,1b48.a,/home/yu/HENU/westlake/Lit-ProteinDF/preprocess/pkl/jsonl/1b48.a.pkl,1,homomer,221,221
752,1euv.a,/home/yu/HENU/westlake/Lit-ProteinDF/preprocess/pkl/jsonl/1euv.a.pkl,1,homomer,221,221
753,1a41.a,/home/yu/HENU/westlake/Lit-ProteinDF/preprocess/pkl/jsonl/1a41.a.pkl,1,homomer,221,221
754,1a7s.a,/home/yu/HENU/westlake/Lit-ProteinDF/preprocess/pkl/jsonl/1a7s.a.pkl,1,homomer,221,221
755,1a2z.a,/home/yu/HENU/westlake/Lit-ProteinDF/preprocess/pkl/jsonl/1a2z.a.pkl,1,homomer,220,220
756,1ak2.a,/home/yu/HENU/westlake/Lit-ProteinDF/preprocess/pkl/jsonl/1ak2.a.pkl,1,homomer,220,220
757,1csm.a,/home/yu/HENU/westlake/Lit-ProteinDF/preprocess/pkl/jsonl/1csm.a.pkl,1,homomer,252,252
758,1d1d.a,/home/yu/HENU/westlake/Lit-ProteinDF/preprocess/pkl/jsonl/1d1d.a.pkl,1,homomer,220,220
759,1dkx.a,/home/yu/HENU/westlake/Lit-ProteinDF/preprocess/pkl/jsonl/1dkx.a.pkl,1,homomer,219,219
760,1c8n.c,/home/yu/HENU/westlake/Lit-ProteinDF/preprocess/pkl/jsonl/1c8n.c.pkl,1,homomer,219,219
761,1auo.a,/home/yu/HENU/westlake/Lit-ProteinDF/preprocess/pkl/jsonl/1auo.a.pkl,1,homomer,218,218
762,1b1z.a,/home/yu/HENU/westlake/Lit-ProteinDF/preprocess/pkl/jsonl/1b1z.a.pkl,1,homomer,218,218
763,1dvp.a,/home/yu/HENU/westlake/Lit-ProteinDF/preprocess/pkl/jsonl/1dvp.a.pkl,1,homomer,217,217
764,1c1k.a,/home/yu/HENU/westlake/Lit-ProteinDF/preprocess/pkl/jsonl/1c1k.a.pkl,1,homomer,217,217
765,1at3.a,/home/yu/HENU/westlake/Lit-ProteinDF/preprocess/pkl/jsonl/1at3.a.pkl,1,homomer,217,217
766,1dn0.d,/home/yu/HENU/westlake/Lit-ProteinDF/preprocess/pkl/jsonl/1dn0.d.pkl,1,homomer,217,217
767,1b4p.a,/home/yu/HENU/westlake/Lit-ProteinDF/preprocess/pkl/jsonl/1b4p.a.pkl,1,homomer,217,217
